city,sum,latitude,longitude
Bangkok,16662,13.7524938,100.4935089
Hamburg,7207,53.550341,10.000654
Geneva,6827,46.2017559,6.1466014
Batavia,4521,-6.175247,106.8270488
Istanbul,4155,41.0766019,29.052495
Beijing,3944,40.190632,116.412144
Zurich,3913,47.3744489,8.5410422
Moscow,3387,55.625578,37.6063916
Aachen,3291,50.776351,6.083862
Bari,3215,41.1257843,16.8620293
Seoul,3145,37.5666791,126.9782914
London,3100,51.4893335,-0.14405508452768728
Torino,3064,45.0677551,7.6824892
Bologna,2789,44.4938203,11.3426327
Izmir,2718,38.23166,27.02997
Padova,2642,45.391408,11.805848677115883
Karlsruhe,2612,49.0068705,8.4034195
Pisa,2548,43.4714722,10.679791173704576
Boston,2319,42.3554334,-71.060511
Milano,2162,45.4641943,9.1896346
Cambridge,2107,52.2055314,0.1186637
Madrid,2099,40.4167047,-3.7035825
Madison,1735,43.074761,-89.3837613
Dubna,1730,56.7362705,37.1623696
Rome,1660,41.8933203,12.4829321
Rio de Janeiro,1653,-22.9110137,-43.2093727
Gainesville,1597,29.6519684,-82.3249846
Villeurbanne,1597,45.7733573,4.8868454
Perugia,1555,43.1070321,12.402996209906487
Lawrence,1553,38.9719137,-95.2359403
Palaiseau,1548,48.7144587,2.2453842
Notre Dame,1479,41.704567749999995,-86.23822026017265
College Park,1457,38.980666,-76.9369189
Helsinki,1385,60.1674881,24.9427473
Firenze,1380,43.7697955,11.2556404
Adana,1356,36.9863599,35.3252861
Gif-sur-Yvette,1356,48.7018823,2.134529
Mumbai,1314,19.08157715,72.88662753964906
West Lafayette,1289,40.4258686,-86.9080655
Piscataway,1286,40.5462553,-74.4660408
Providence,1280,41.8239891,-71.4128343
Bruxelles,1274,50.8465573,4.351697
Davis,1252,40.7474784,-92.3965311
Santander,1251,43.4618932,-3.8100255
Chicago,1237,41.8755616,-87.6244212
Didcot,1219,51.6056908,-1.2467923
Princeton,1212,40.3496953,-74.6597376
Bristol,1212,51.4538022,-2.5972985
Vienna,1197,48.2083537,16.3725042
Budapest,1189,47.4978789,19.0402383
Louvain-la-Neuve,1132,50.6741689,4.613790587187648
Athens,1131,33.9597677,-83.376398
Pavia,1126,45.036854649999995,9.137825082826026
Houston,1086,29.7589382,-95.3676974
Santa Barbara,1046,34.4221319,-119.702667
Kolkata,1029,22.5726459,88.3638953
Strasbourg,1014,48.584614,7.7507127
Taipei,1002,25.0375198,121.5636796
Ithaca,980,42.437417499999995,-76.54837235139263
Napoli,978,40.8358846,14.2487679
Lincoln,957,40.8088861,-96.7077751
Chandigarh,957,30.7334421,76.7797143
Pasadena,949,34.1476507,-118.144155
Iowa City,931,41.6612561,-91.5299106
College Station,924,30.6183939,-96.3455991
Sofia,914,42.6977028,23.3217359
Minneapolis,907,44.9772995,-93.2654692
Los Angeles,901,34.0536909,-118.242766
Catania,900,37.5023612,15.0873718
Nicosia,896,35.1746503,33.3638783
Daegu,892,35.8713,128.6018
Protvino,868,54.8707703,37.2188629
La Jolla,857,32.8401623,-117.2740777
Brussel,833,50.8465573,4.351697
Rochester,821,43.157285,-77.615214
Ciudad de México,820,19.4326296,-99.1331785
Riverside,818,33.9824949,-117.374238
Tallahassee,815,30.4380832,-84.2809332
Oviedo,814,43.3618625,-5.8483581
Bhubaneswar,794,20.2602964,85.8394521
Ghent,792,51.0538286,3.7250121
Baltimore,791,39.2908816,-76.610759
Mexico City,776,19.4326296,-99.1331785
Lubbock,772,33.5855677,-101.8470215
Charlottesville,772,38.029306,-78.4766781
São Paulo,761,-23.5506507,-46.6333824
Trieste,755,45.6496485,13.7772781
Nashville,747,36.1622767,-86.7742984
Lisboa,731,38.7077507,-9.1365919
Waco,704,31.5491899,-97.1474628
Debrecen,693,47.531399,21.6259782
Islamabad,680,33.6938118,73.0651511
Novosibirsk,671,55.0288307,82.9226887
Delhi,661,28.6273928,77.1716954
Pittsburgh,655,40.4416941,-79.9900861
Puebla,649,18.833333,-98.0
Villigen,647,47.5262684,8.2147282
Boulder,638,40.0149856,-105.270545
Evanston,619,42.0470043,-87.6846053
Antwerpen,603,51.2211097,4.3997081
Buffalo,600,42.8867166,-78.8783922
Columbus,589,39.9622601,-83.0007065
Tallinn,583,59.4372155,24.7453688
Ioánnina,555,39.6639818,20.8522784
Siena,531,43.167205949999996,11.467561040475552
Melbourne,517,-37.8142454,144.9631732
Madras,510,44.6334544,-121.129487
Tuscaloosa,493,33.2095614,-87.5675258
Pune,487,18.5213738,73.8545071
Manhattan,484,40.7896239,-73.9598939
San Diego,481,32.7174202,-117.162772
Genova,476,44.40726,8.9338624
Gatchina (St. Petersburg),467,59.8607639,30.3203642
Uxbridge,463,51.5449509,-0.4816672
Novara,462,45.584250049999994,8.545996970894572
Split,450,43.5116383,16.4399659
Guangzhou,449,23.1301964,113.2592945
Swierk,447,53.7085857,16.3685245
Chiang Mai,442,18.7882778,98.9858802
Heidelberg,423,49.4093582,8.694724
Warsaw,420,52.2337172,21.071432235636493
Wien,419,48.2083537,16.3725042
Zagreb,404,45.8130967,15.9772795
Tehran,404,35.6892523,51.3896004
Chung-Li,383,39.7837304,-100.445882
Shanghai,373,31.2312707,121.4700152
Aghia Paraskevi,365,38.0066759,23.8226942
Trento,357,46.1029536,11.12974249416882
Belgrade,347,44.8178131,20.4568974
Hermosillo,344,29.0948207,-110.9692202
Kuala Lumpur,343,3.1516964,101.6942371
New York,328,40.7127281,-74.0060152
Krakow,325,50.0469432,19.997153435836697
Tomsk,323,58.6124279,82.0475315
Nakhon Pathom,321,13.8918425,100.0165659
Ankara,310,39.7160439,32.7059948
Cairo,305,30.0443879,31.2357257
Bogota,304,4.6533816,-74.0836333
Suwon,303,37.2633325,127.0287472
Bangalore,298,12.98815675,77.62260003796
Pathum Thani,298,14.048667,100.5640405
Washington,295,38.8950368,-77.0365427
Vilnius,294,54.6870458,25.2829111
Prague,293,50.0874654,14.4212535
St. Petersburg,289,59.9606739,30.1586551
Khon Kaen,277,16.6022387,102.6352933
Milan,261,45.4641943,9.1896346
Houghton,257,46.8591287,-88.7774734
Tbilisi,257,41.6934591,44.8014495
Los Alamos,254,35.88137,-106.298959
Medellin,251,6.269732449999999,-75.60255965090315
Knoxville,246,35.9603948,-83.9210261
Colombo,240,6.9388614,79.8542005
Matara,234,5.947822,80.5482919
Salt Lake City,230,40.7596198,-111.886797
Roma,227,41.8933203,12.4829321
Isfahan,214,32.6707877,51.6650002
Pathumthani,213,13.97270675,100.51976929479142
East Lansing,213,42.7320307,-84.4721678
Tokyo,209,35.6768601,139.7638947
Minsk,204,53.9024716,27.5618225
Frascati,196,41.8082452,12.6803684
Nakhon Ratchasima,194,14.9747339,102.0981161
Morelia,192,19.6546004,-101.26237972291207
Gyongyos,189,47.7799838,19.9291176
Lausanne,187,46.5218269,6.6327025
Singapore,182,1.357107,103.8194992
Brussels,178,50.8465573,4.351697
Guadalajara,175,20.6720375,-103.338396
Lappeenranta,171,61.0583713,28.1862742
University Park,159,52.9387428,-1.2002956927457427
Oxford,157,51.7520131,-1.2578499
Barcelona,152,41.3828939,2.1774322
Nonthaburi,150,13.8610918,100.3456772
Adiyaman,148,37.7602985,38.2772986
Pachuca,148,20.1165413,-98.7413535
Riga,144,56.9493977,24.1051846
California,144,36.7014631,-118.755997
Edinburgh,142,55.9533456,-3.1883749
Kota Bharu,142,6.12584,102.2399785
Solan,142,42.9431682,1.6950613
Greenbelt,141,38.9933654,-76.88333238304114
Paris,141,48.8588897,2.3200410217200766
Pathumwan,140,13.7482977,100.52584733414871
Hammond,137,41.6173959,-87.5220108
Songkhla,135,6.8790221,100.5498542
Quito,133,-0.2201641,-78.5123274
Potenza,132,40.51731195,15.821608824871046
Kwangju,131,35.1594647,126.8515034
Sydney,126,-33.8698439,151.2082848
Brisbane,125,-27.4689682,153.0234991
Detroit,123,42.3315509,-83.0466403
Mayaguez,123,18.21163545,-67.0953571846176
Livermore,122,37.6820583,-121.768053
Kharkov,122,49.9923181,36.2310146
Riyadh,121,18.0107143,-15.955326
Podgorica,120,42.4415238,19.2621081
Atlanta,116,33.7489924,-84.3902644
Mulhouse,116,47.7467233,7.3389937
Chennai,112,13.0836939,80.270186
El-Fayoum,112,29.3074076,30.8399651
Lisbon,111,38.7077507,-9.1365919
Durham,111,54.666667,-1.75
Christchurch,108,-43.530955,172.6364343
Konya,108,37.872734,32.4924376
Gradignan,108,44.7739701,-0.613907
Indiana,108,40.3270127,-86.1746933
Jülich,107,50.9220931,6.3611015
Ho Chi Minh City,106,10.7763897,106.7011391
Yerevan,105,40.1777112,44.5126233
Cottbus,105,51.7567447,14.3357307
Wuhan,103,30.5951051,114.2999353
Amsterdam,103,52.3730796,4.8924534
Manchester,101,53.4794892,-2.2451148
Santiniketan,101,6.1212013,-75.6275627
Nakhon Si Thammarat,100,8.6772337,99.7309635
Dublin,99,53.3493795,-6.2605593
Florida,98,27.7567667,-81.4639835
Nanjing,97,32.0438284,118.7788631
Tuxtla Gutiérrez,96,16.753801,-93.115959
Phitsanulok,95,16.9779975,100.3848239
Bethesda,95,38.9846816,-77.0942447
Erlangen,93,49.589157099999994,10.98120719922546
Porto Alegre,92,-30.0324999,-51.2303767
Dongguan,92,23.0205969,113.7457788
Gatchina,91,59.5706273,30.1305083
Santiago,87,9.8694792,-83.7980749
Changsha,84,28.1450774,113.2384362
Stockholm,83,59.3251172,18.0710935
Auckland,79,-36.852095,174.7631803
Southampton,76,50.9025349,-1.404189
Ann Arbor,75,42.2813722,-83.7484616
Kansas,75,38.27312,-98.5821872
Mainz,74,49.9995205,8.2736253
Xiamen,73,24.5438732,118.0768065
Doha,73,25.2856329,51.5264162
Surabaya,72,-7.2459717,112.7378266
Philadelphia,71,39.9527237,-75.1635262
Hefei,71,31.8665676,117.281428
Hyderabad,71,17.360589,78.4740613
Montreal,68,45.5031824,-73.5698065
Montréal,67,45.5031824,-73.5698065
Lahore,67,31.5656822,74.3141829
Huntsville,67,34.729847,-86.5859011
Nantes,66,47.2186371,-1.5541362
Chonburi,66,13.1857117,101.1210777
Toronto,66,43.6534817,-79.3839347
Kyoto,65,35.021041,135.7556075
Hangzhou,65,30.2489634,120.2052342
Birmingham,64,52.4796992,-1.9026911
Plovdiv,64,42.1418541,24.7499297
Geelong,63,-38.1493248,144.3598241
Nanning,63,22.8193063,108.3627211
Rotterdam,62,51.9244424,4.47775
München,62,48.1371079,11.5753822
Rayong,62,12.7943716,101.3705344
Zhengzhou,60,34.7533392,113.6599983
Clayton,60,33.5204959,-84.3591713
Campinas,60,-22.9056391,-47.059564
Zeuthen,60,52.3507952,13.629328
Stanford,59,37.427467,-122.1702445
Liverpool,59,53.4071991,-2.99168
Kaohsiung,58,22.6203348,120.3120375
Orsay,58,48.699184,2.187457
Marseille,57,43.2961743,5.3699525
Sheffield,56,53.3806626,-1.4702278
Uppsala,56,59.8586126,17.6387436
Nagoya,55,35.1851045,136.8998438
Ubon Ratchathani,55,15.1879684,105.3269544
Irvine,54,33.6856969,-117.825981
WI,53,44.4308975,-89.6884637
Ioannina,52,39.6639818,20.8522784
Yinchuan,52,38.4852037,106.2261926
Erzincan,52,39.6073429,39.2013209
Hengyang,52,26.8971308,112.5666191
Tübingen,52,48.5203263,9.053596
Ciudad de Mexico,52,19.4326296,-99.1331785
Kars,51,40.4558435,42.9979531
Londrina,50,-23.3112878,-51.1595023
Bratislava,50,48.1516988,17.1093063
Sinop,50,41.6476377,34.9560137
Bingol,49,38.8861265,40.4972333
Bengaluru,49,12.98815675,77.62260003796
Tashkent,49,41.3123363,69.2787079
Perth,48,-31.9558933,115.8605855
Silver Spring,48,38.9959461,-77.0276231
Dasman,48,29.38734405,47.99941147458771
Qinhuangdao,48,39.9395724,119.5894129
Qingdao,47,36.0637967,120.3192081
Phayao,47,19.341673,100.1854539
Leicester,47,52.6362,-1.1331969
Karaman,47,37.1796848,33.3383665
Bogotá,47,4.6533816,-74.0836333
Alexandria,46,44.83495335,8.745030418605868
Cleveland,46,41.4996574,-81.6936772
Zhejiang,46,29.0000001,119.9999999
Munich,46,48.1371079,11.5753822
Berlin,45,52.510885,13.3989367
Egaila,45,18.1954947,-63.0750234
Annecy-le-Vieux,45,45.9191358,6.1420652
Behshahr,45,36.6912955,53.5432769
Taichung,44,24.163162,120.6478282
Padua,44,45.4077172,11.8734455
Hanoi,44,21.0283334,105.854041
Sapporo,44,43.061936,141.3542924
Nova Andradina,44,-22.2477565,-53.3480621
Yozgat,43,39.7152422,35.170998
Paterna,41,39.5039227,-0.4421014
Assiut,41,45.4374652,9.1572159
Sirnak,41,37.455253,42.5212049
Kraków,41,50.0469432,19.997153435836697
Hsinchu,41,24.8066333,120.9686833
Hat Yai,40,7.0074644,100.4689889
Manila,40,14.5904492,120.9803621
Ferrara,40,44.766764249999994,11.827938995640167
Albuquerque,40,35.0841034,-106.650985
Chongqing,39,30.05518,107.8748712
Tartu,39,58.3801207,26.72245
San Francisco,38,37.7792588,-122.4193286
Monterrey,38,25.6802019,-100.315258
Lehi,38,40.3881114,-111.8486019
Tsukuba,38,36.0833265,140.077279
Phnom Penh,38,11.5730391,104.857807
Dhaka,38,23.7544529,90.393336
Jakarta,37,-6.175247,106.8270488
Naples,37,40.8358846,14.2487679
Nakorn Pathom,37,,
Miami,37,25.7741728,-80.19362
Tianjin,36,39.3032619,117.4163641
Jinan,36,36.6519754,117.1138479
Groningen,36,53.2190652,6.5680077
San Pedro Garza García,36,25.65271255,-100.37223790945575
Kayseri,35,38.7219011,35.4873214
Jashore,35,23.1665256,89.2094419
Sendai,34,38.2677554,140.8691498
Vellore,33,12.9021849,79.06110398623842
St. Paul,33,44.9497487,-93.0931028
Suita,32,34.7594193,135.516835
Chiang Rai,32,19.7589517,99.6734592
Nilaveli,32,8.6815446,81.1916079
Nakhonnayok,32,,
Basel,32,47.5581077,7.5878261
Harbin,31,45.7593633,126.6276177
Marburg,31,50.8090106,8.7704695
Genoa,31,44.40726,8.9338624
Zewail,30,30.156315983825383,31.813855057070878
Najaf,30,32.0010227,44.3299926
Kashiwa,30,35.8676218,139.9756876
Shenzhen,30,22.5445741,114.0545429
Halifax,30,44.648618,-63.5859487
Chengdu,29,30.6598628,104.0633717
Karachi,29,24.8546842,67.0207055
Leiden,29,52.1594747,4.4908843
Shrewsbury,29,52.707755,-2.7540658
Giza,29,29.9870753,31.2118063
Jyvaskyla,29,62.2417066,25.7495727
Blackburn,28,53.749326,-2.4840566
Trondheim,28,63.4304475,10.3952118
Xi’an,28,34.261004,108.9423363
Nibong Tebal,28,5.1700963,100.4785191
Arezzo,28,43.51714415,11.763928194732205
Saraburi,28,14.6240563,100.8601022
Liège,28,50.6450944,5.5736112
New Delhi,28,28.64308585,77.21926705734865
Nakhon Nayok,28,14.1494474,101.2177459
Chiba,27,35.549399,140.2647303
Yokohama,27,35.4503381,139.6343802
Liege,27,50.47081585,5.773545903524977
Iowa,27,41.9216734,-93.3122705
Portsmouth,27,50.800031,-1.0906023
Yogyakarta,27,-7.9778383999999996,110.36722565020224
Worcester,26,42.2625621,-71.8018877
Glasgow,26,55.861155,-4.2501687
Florence,26,43.7697955,11.2556404
Aurora,26,41.7571701,-88.3147539
Klong Luang,26,14.08220345,100.61292424999999
Newark,26,40.735657,-74.1723667
Vancouver,26,49.2608724,-123.113952
Patumwan,26,13.7403314,100.53411579055937
Bordeaux,26,44.841225,-0.5800364
Virginia,26,37.1232245,-78.4927721
Huddersfield,26,53.6466645,-1.7822482
Kufa,26,32.03444,44.4031125
Quezon City,26,14.6510546,121.0486254
Copenhagen,25,55.6867243,12.5700724
Laramie,25,41.3116442,-105.5917876
Tempe,24,33.4255117,-111.940016
Rabat,24,34.02236,-6.8340222
Oslo,24,59.9133301,10.7389701
Juelich,24,50.9220931,6.3611015
New Haven,24,41.3082138,-72.9250518
Manaus,24,-3.1316333,-59.9825041
Berkeley,24,37.8708393,-122.272863
St Gallen,23,47.425618,9.3762397
Fukuoka,23,33.6251241,130.6180016
Mahasarakham,23,16.2422682,103.2672732
Shijiazhuang,23,38.0429742,114.5088385
Gwangju,23,35.1594647,126.8515034
Regina,23,50.4479733,-104.6158764
Valencia,23,39.4697065,-0.3763353
Nottingham,23,52.9534193,-1.1496461
Montpellier,22,43.6112422,3.8767337
Ludhiana,22,30.9090157,75.851601
Porto,22,41.1494512,-8.6107884
Seattle,22,47.6038321,-122.330062
Coimbatore,22,11.0018115,76.9628425
Mansoura,22,36.10035435,4.471575073452465
Guildford,21,51.2356068,-0.5732063
Ottawa,21,45.4208777,-75.6901106
Fuzhou,21,26.0774954,119.2918215
Maha Sarakham,21,15.9041448,103.0840638
New York city,21,40.7127281,-74.0060152
San Luis Potosí,21,22.5000001,-100.4949145
Tainan,21,22.9912348,120.184982
Fort Collins,20,40.5871782,-105.0770113
Khlong Luang,20,14.1033948,100.67034586552202
Bradford,20,53.7944229,-1.7519186
Grenoble,20,45.1875602,5.7357819
Chiapas,20,16.5000001,-92.5000001
Dartford,20,51.4443059,0.21807
Johannesburg,20,-26.205,28.049722
Lima,19,-12.0621065,-77.0365256
Malang,19,-7.9771308,112.6340265
Hong Kong,19,22.350627,114.1849161
Tanta,19,30.7833666,30.9982536
Seri Iskandar,19,4.3612524,100.9508728
Dehradun,19,30.3255646,78.0436813
Potchefstroom,19,-26.7150922,27.1013887
Osaka,19,34.6937569,135.5014539
Skopje,19,41.9961816,21.4319213
Antwerp,18,51.2211097,4.3997081
Temuco,18,-38.7358908,-72.590538
Phoenix,18,33.4484367,-112.074141
Taoyuan City,18,24.9929995,121.3010003
Sriracha,18,-36.8531251,174.759156
St. Louis,18,38.6280278,-90.1910154
Linköping,18,58.4098135,15.6245252
Maryland,18,39.5162401,-76.9382069
Bialystok,18,53.132398,23.1591679
Kumamoto,18,32.6450475,130.6341345
Dortmund,18,51.5142273,7.4652789
Worthing,17,50.8115402,-0.3699697
Canberra,17,-35.2975906,149.1012676
Punjab,17,30.9293211,75.5004841
Victoria,17,-36.5986096,144.6780052
Garching,17,48.2513878,11.6509662
Rockville,17,39.0817985,-77.1516844
Lancaster,17,40.03813,-76.3056686
Kingston-upon-Thames,17,51.4096275,-0.3062621
Nijmegen,17,51.842574850000005,5.838960628748229
Yamagata,17,38.4746705,140.083237
Chichester,17,50.8364862,-0.7791721
Toulouse,17,43.6044622,1.4442469
Wageningen,17,51.9685817,5.668298061827958
Calgary,17,51.0456064,-114.057541
Mohali,17,30.7041168,76.7176885
Newcastle-upon-Tyne,17,54.9738474,-1.6131572
Lanzhou,17,36.474436,103.733224
Reykjavik,17,64.145981,-21.9422367
Chester,17,53.1908873,-2.8908955
Košice,16,48.7172272,21.2496774
New Taipei City,16,25.02679015,121.47107843163
DC,16,4.6533816,-74.0836333
Xi'an,16,34.261004,108.9423363
Grosseto,16,42.7751102,11.287804427628437
Leuven,16,50.879202,4.7011675
Jiangmen,16,22.5816619,113.0761073
Edmonton,16,53.5462055,-113.491241
Bodelwyddan,16,53.2705527,-3.5129657
Tarrytown,16,41.0762077,-73.8587461
Bentley,16,52.4685411,-114.04327724999999
Santa Bar-bara,16,,
San Giovanni Rotondo,16,41.7069106,15.7288455
Badalona,16,41.4493539,2.248254
Niigata,16,37.6452283,138.7669125
Minnesota,15,45.9896587,-94.6113288
Adelaide,15,-34.9281805,138.5999312
Modena,15,44.5384728,10.935960870530739
Samut Prakan,15,13.6531651,100.8182578
Taoyuan,15,24.9929995,121.3010003
Cluj-Napoca,15,46.769379,23.5899542
Danville,15,40.125222,-87.6304614
Salaya,15,24.0473815,80.16176985766498
Leeds,15,53.7974185,-1.5437941
Cologne,15,43.7218277,0.9774958
Zigong,14,29.2995746,104.6928392
Chantaburi,14,12.9081033,102.0159145
Wakefield,14,53.6829541,-1.4967286
Belfast,14,54.596391,-5.9301829
Dundee,14,56.4605938,-2.97019
Bangi,14,4.3635118,18.5835913
Kolhapur,14,16.7028412,74.2405329
Graz,14,47.0708678,15.4382786
Hannover,14,52.3744779,9.7385532
Gent,14,51.0538286,3.7250121
Patiala,14,30.20927775,76.33972313649818
Reading,14,51.4564242,-0.9700664
Serdang,14,3.0233688499999998,101.71602716231698
Hong Kong S.A.R.,14,,
Créteil,14,48.7771486,2.4530731
Bonn,14,50.7352621,7.1024635
Kunming,14,25.0363006,102.7086139
Columbia,14,4.099917,-72.9088133
Yangon,14,16.7967129,96.1609916
Shatin,13,22.3815527,114.1904697
Almaty,13,43.2363924,76.9457275
Selangor,13,3.2083304,101.304146
Szczecin,13,53.4301818,14.5509623
La Laguna,13,28.4857715,-16.3159422
Da Nang City,13,16.068,108.212
Malvern,13,52.1159559,-2.3258985
Bedford,13,40.0271453,-78.5237447
Falkirk,13,55.9991959,-3.784376
Newport,13,41.4899827,-71.3137707
Tilburg,13,51.58561845,5.0660616131367675
Aberdeen,13,57.1482429,-2.0928095
Kampala,13,0.3177137,32.5813539
Barnstaple,13,51.0804057,-4.0600467
Solna,13,49.2234674,18.7393139
King’s Lynn,13,52.7538673,0.3954774
Swansea,13,51.6195955,-3.9459248
Tokushima,13,33.9196418,134.2509634
Hamilton,13,43.2560802,-79.8728583
Medan,13,3.5896654,98.6738261
Nairobi,13,-1.2832533,36.8172449
Mersin,13,36.7978381,34.6298391
Bandung,13,-6.9215529,107.6110212
Riversider,13,,
Taif,13,21.2702801,40.4158308
Aarhus,13,56.1496278,10.2134046
Lodz,12,51.7687323,19.4569911
Brighton,12,50.8214626,-0.1400561
Sakon Nakhon,12,17.1904453,103.9730898
Hinxton,12,52.0848693,0.1792608
Gatchina St. Petersburg,12,59.8607639,30.3203642
Turku,12,60.4517531,22.2670522
Barnsley,12,53.5527719,-1.4827755
Exeter,12,50.7256138,-3.5269209
Memphis,12,35.1460249,-90.0517638
Cape Town,12,-33.9288301,18.4172197
Nomi,12,45.928599,11.071881
Paisley,12,55.8455828,-4.4239646
Suez,12,29.974498,32.537086
Nakhonpathom,12,13.812682500000001,100.07238090788499
Kathmandu,12,27.708317,85.3205817
Annecy,12,45.8992348,6.1288847
M'sila,12,35.1300205,4.200310671358427
Buenos Aires,12,-34.6083696,-58.4440583
Santiago de Compostela,12,42.8804219,-8.5458608
Utrecht,12,52.0907006,5.1215634
Newcastle upon Tyne,12,54.9738474,-1.6131572
Kelvin Grove,12,-27.450162,153.01266953209569
Palo Alto,11,37.4443293,-122.1598465
Rangsit,11,13.987449,100.6100666
Ratchaburi,11,13.6317897,99.3558216
Parkville,11,39.3868522,-76.55086176363942
Westmead,11,-33.8076498,150.9877265
Wuppertal,11,51.264018,7.1780374
Wacoa,11,,
Terrassa,11,41.5629623,2.0100492
Durban,11,-29.861825,31.009909
Bucharest,11,44.4361414,26.1027202
Wonju,11,37.3420996,127.9197603
Lyon,11,45.7578137,4.8320114
Pelotas,11,-31.7699736,-52.3410161
Arica,11,-18.4785288,-70.3211394
Yunnan,11,25.0,102.0
Recife,11,-8.0584933,-34.8848193
Maputo,11,-25.966213,32.56745
Wuxi,11,31.5776626,120.2952752
Tucson,11,32.2228765,-110.974847
Jinju,11,35.1803459,128.1079953
Innsbruck,11,47.2654296,11.3927685
Xiangtan,11,27.681864,112.626292
Quetta,11,30.1916569,67.0006542
Brescia,11,45.77958045,10.4258729694612
Palermo,10,38.1112268,13.3524434
UPM Serdang,10,2.9918365,101.72067704384338
Bangkok Noi,10,13.7614899,100.4782009
México City,10,19.4326296,-99.1331785
Seville,10,37.3886303,-5.9953403
Novi Sad,10,45.2551338,19.8451756
Inverness,10,57.4790124,-4.225739
Bern,10,46.9484742,7.4521749
Rajshahi,10,24.6285432,89.0376862
Bandar Puncak Alam,10,3.2342055,101.4258355
Madinah,10,24.471153,39.6111216
Jeddah,10,21.5504432,39.1742363
Bochum,10,51.4818111,7.2196635
Würzburg,10,49.7780356,9.943476907125579
Bad Berka,10,50.9002644,11.2829778
Chiangmai,10,49.8597529,8.5565363
Peshawar,10,34.0123846,71.5787458
Semarang,10,-6.9903988,110.4229104
Okazaki,10,34.9548784,137.1728226
Bergen,10,60.3943055,5.3259192
Margate,10,51.3878174,1.3819699
Beirut,10,33.88922645,35.50255852895232
Sopot,10,54.4447922,18.5684902
Shizuoka,10,34.9332488,138.0955398
Samut Sakhon,10,13.5708192,100.2585874
Dunedin,10,-45.8740984,170.5035755
Lucca,10,44.017763900000006,10.454430026192636
New York City,10,40.7127281,-74.0060152
Măgurele,10,44.350196,26.0292694
Osijek,10,45.5548793,18.6953685
Kasugai,10,35.273804,137.007459
Richmond,10,37.5385087,-77.43428
Blackpool,10,53.8179442,-3.0509812
Bath,10,51.3813864,-2.3596963
York,10,53.96565785,-1.0743052444639218
Valladolid,10,41.6521807,-4.728605
Wellington,9,-41.2887953,174.7772114
Makassar,9,-5.1342962,119.4124282
Manipal,9,13.3519723,74.7870308
Macclesfield,9,53.2606635,-2.1255158
Hokkaido,9,43.4519831,142.8197834
Basingstoke,9,51.262826,-1.0861976
Pontyclun,9,51.5251887,-3.3901536
Wales,9,52.2928116,-3.73893
Rupnagar,9,31.0917102,76.52897012920695
Ashland,9,40.7887367,-82.2360391
Ashton-under-Lyne,9,53.4865407,-2.098691
Bandar Sunway,9,3.0713838,101.6089714
Salem,9,44.9391565,-123.033121
Poole,9,50.7179472,-1.981521
San Mateo,9,37.496904,-122.3330573
Honolulu,9,21.304547,-157.855676
Romford,9,51.5760462,0.1822646
Faisalabad,9,31.4220558,73.0923253
Warminster,9,51.215076550000006,-2.1721664384278974
Maastricht,9,50.8512438,5.6909768
Sunnyvale,9,37.3688301,-122.036349
Annapolis,9,38.9786401,-76.492786
Changchun,9,43.8844201,125.3180998
Wishaw,9,55.7743458,-3.9184134
Daejeon,9,36.3497007,127.3849016
Trang,9,7.5892935,99.5032004
St Petersburg,9,59.9606739,30.1586551
Thimphu,9,27.4713546,89.6336729
Yamagta,9,,
Nedlands,9,-31.9799209,115.8057167
Leipzig,9,51.3406321,12.3747329
Denver,9,39.7392364,-104.984862
Taichung City,8,24.158623900000002,120.64486704999999
Sã *o Paulo,8,39.7687989,-8.8148128
Pathum Wan,8,13.7461522,100.5310235
Sunderland,8,54.9058512,-1.3828727
Lampang,8,18.6799728,99.7332501
Samarinda,8,-0.5017804,117.1393089
Palmerston North,8,-40.356317,175.6112388
Tiruchirappalli,8,10.8071144,78.6880939
Chanthaburi,8,12.9081033,102.0159145
Cardiff,8,51.4816546,-3.1791934
Pamplona,8,42.81568595,-1.6522353378580308
Dudley,8,52.5110832,-2.0816813
Wooster,8,40.7980976,-81.9397733
Mianyang,8,31.4602714,104.7160723
Nagaoka,8,37.446996,138.8512199
Haifa,8,32.8191218,34.9983856
Baton Rouge,8,30.4494155,-91.1869659
Pretoria,8,-25.7459277,28.1879101
Bergamo,8,45.756655699999996,9.754219200862249
Nantong,8,31.9827896,120.8904588
Chapel Hill,8,35.9131542,-79.05578
Pilsen,8,49.7477415,13.3775249
Grimsby,8,53.5671407,-0.0788045
Phuttamonthon,8,13.612146599999999,100.21902996993954
Songkla,8,7.0069589,100.50075963786517
Concepción,8,-36.8270698,-73.0502064
Lavras,8,-21.2425512,-44.9991978
Gyeongsan-si,8,35.825122,128.741329
Granada,8,37.1734995,-3.5995337
Pathumtani,8,,
Gandia,8,38.9675925,-0.1803423
Colchester,8,51.8896903,0.8994651
Amphoe Klong Luang,8,,
New Orleans,8,29.9759983,-90.0782127
Lexington,8,38.0464066,-84.4970393
Tuscany,8,43.4586541,11.1389204
Karaikudi,8,10.0728444,78.7795194
South San Francisco,8,37.6535403,-122.4168664
Córdoba,8,37.8845813,-4.7760138
Walsall,8,52.5847949,-1.9822687
Penang,8,5.4065013,100.2559077
Ndufu-Alike,8,6.1318935,8.1435831
Abu Dhabi,8,24.4538352,54.3774014
Prešov,8,49.0000074,21.2392122
Katowice,8,50.2137321,19.00588775660632
Bejing,8,40.190632,116.412144
Stillwater,8,36.1156306,-97.0585717
Cerdanyola del Vallès,8,41.4910324,2.1374969
Frankfurt am Main,8,50.1106444,8.6820917
Johor Bahru,8,1.4581986,103.7649059
Regensburg,8,49.0195333,12.0974869
Kowloon,8,22.3031874,114.1820106
Miao-Li,8,24.5692318,120.8222649
Yeovil,8,50.9420451,-2.6318629
Serkkadu,8,,
Fortaleza,7,-3.7304512,-38.5217989
Bolton,7,53.5782863,-2.4300367
Potsdam,7,52.4009309,13.0591397
Chesterfield,7,37.3859982,-77.578509
Hue City,7,23.1125153,114.4127007
Pulau Pinang,7,5.4065013,100.2559077
Hull,7,53.76238625,-0.3301213755327681
Coventry,7,52.4081812,-1.510477
Denpasar,7,-8.6524973,115.2191175
Gateshead,7,54.9625789,-1.6019294
Norwich,7,52.6285576,1.2923954
Aylesbury,7,51.8161412,-0.8130383
Aberystwyth,7,52.4143113,-4.0816846
Dresden,7,51.0493286,13.7381437
Derby,7,52.9142235,-1.4719885461266053
Tabriz,7,38.0738612,46.2978789
Galway,7,53.2744122,-9.0490601
Freiburg,7,47.9960901,7.8494005
Noida,7,28.5706333,77.3272147
Keighley,7,53.8684021,-1.9020456
Plymouth,7,50.3714122,-4.1424451
Jazan,7,17.333333,42.666667
Kota Samarahan,7,1.4596157,110.4954562
Surat Thani,7,9.4674663,98.830042
Can Tho,7,10.0364634,105.7875821
Dorchester,7,50.7132064,-2.4371229
Udine,7,46.0634632,13.2358377
Semenyih,7,2.9473911,101.8459911
Kyiv,7,50.4500336,30.5241361
Canterbury,7,51.2800275,1.0802533
Kajang,7,2.9948437,101.7896595
Dakar,7,14.693425,-17.447938
Waterloo,7,42.498275,-92.3328743
St. Gallen,7,47.425618,9.3762397
Gothenburg,7,57.7072326,11.9670171
Beaverton,7,45.4871723,-122.80378
Vientiane,7,17.9640988,102.6133707
Milton Keynes,7,52.0406502,-0.7594092
Valparaiso,7,41.4672552,-87.0604487
Darwin,7,-12.46044,130.8410469
Stockport,7,53.407901,-2.160243
Meudon,7,48.8126688,2.2385432
Ladkrabang,7,13.727350900000001,100.76590701152774
Al Ain,7,24.2248697,55.7452211
Hyogo,7,34.914934,134.860666
Nagakute,7,35.174318,137.070047
Llanelli,7,51.6797331,-4.1620223
Witten,7,51.4370171,7.335124
Pattani,7,6.6997443,101.3989917
Nagasaki,7,33.1154683,129.7874339
Anglesey,7,53.27822575,-4.331344005862351
Darlington,7,54.5242081,-1.5555812
Kanchanaburi,7,14.44019,99.2676727
Bronx,7,40.8466508,-73.8785937
Pécs,7,46.0765092,18.2280317
Stony Brook,7,40.9256538,-73.140943
East Kilbride,7,55.7601174,-4.1796401
Warrington,7,53.4018582,-2.5680223597163048
Chisinau,6,47.0245117,28.8322923
Chiangrai,6,19.9133126,99.855853447132
Braga,6,41.5510583,-8.4280045
Keelung,6,25.1317232,121.744652
Luebeck,6,53.866444,10.684738
Krems an der Donau,6,48.4108382,15.6003717
Clermont-Ferrand,6,45.7774551,3.0819427
Lucknow,6,26.8381,80.9346001
Ashford,6,51.148555,0.8722566
Scunthorpe,6,53.5922488,-0.6450841
Albany,6,42.6511674,-73.754968
Murcia,6,37.9923795,-1.1305431
Verona,6,45.442497700000004,10.985737689444763
Pathumwan District,6,13.74475,100.522179
Ha'il,6,26.9920987,41.4892578
Tuebingen,6,48.5203263,9.053596
Winchester,6,51.0612766,-1.3131692
Birtinya,6,-26.745231500000003,153.1143476506357
State College,6,40.7944504,-77.8616386
Sion,6,46.2311749,7.3588795
Cork,6,51.897077,-8.4654674
Rijeka,6,45.3267976,14.442208
Amherst,6,42.3731948,-72.5198761
Ibaraki,6,36.2869536,140.4703384
Ljubljana,6,46.0500268,14.5069289
València,6,39.4697065,-0.3763353
Merced,6,37.1641544,-120.7678602
Ormskirk,6,53.5673603,-2.8859603
Levanger,6,63.696451800000006,11.223880440465752
Münster,6,51.9625101,7.6251879
Samutprakarn,6,13.5390822,100.63691620282354
Pato Branco,6,-26.2295984,-52.6712474
Sao Paulo,6,-23.5506507,-46.6333824
Wrexham,6,53.0465084,-2.9937869
Albacete,6,38.9950921,-1.8559154
Las Vegas,6,36.1672559,-115.148516
Mueang,6,13.2684945,100.9676152
Greater Noida,6,28.4670734,77.5137649
Yaoundé,6,3.8689867,11.5213344
Silchar,6,24.830302,92.7875689
Sondrio,6,46.32336235,10.258413671017703
Presov,6,49.0000074,21.2392122
Liaocheng,6,36.4441808,115.9642007
NY,6,43.1561681,-75.8449946
Hereford,6,52.0553813,-2.7151735
North Shields,6,55.0087655,-1.4471035
Augusta,6,33.4709714,-81.9748429
Miaoli,6,24.5647667,120.8205167
East Java,6,-7.6977397,112.4914199
Ghaziabad,6,28.7749966,77.4586967071196
Kota Kinabalu,6,5.9780066,116.0728988
Essen,6,51.4582235,7.0158171
Nur-Sultan,6,51.1282205,71.4306682
Kiel,6,54.3227085,10.135555
Ratchathewi,6,13.7532229,100.5318599
Wroclaw,6,51.1089776,17.0326689
Kgs. Lyngby,6,55.7718649,12.5051413
PERUGIA,6,43.1070321,12.402996209906487
Cornwall,6,50.416667,-4.75
Livingston,6,40.8682487,-88.5631125
Syracuse,6,43.0481221,-76.1474244
Addis Ababa,6,9.0358287,38.7524127
Hiroshima,6,34.3917241,132.4517589
Changhua,6,24.0755667,120.5444667
Aalborg,6,57.0462626,9.9215263
Udon Thani,6,17.5211917,102.6680012
Wrocław,6,51.1263106,16.97819633051261
Bury,6,49.3132772,2.3439338
Ulaanbaatar,5,47.9184676,106.9177016
Aichi,5,34.9991645,137.254574
Carbondale,5,37.7274692,-89.216655
Wattana,5,19.4929006,100.2788895
San José,5,9.9325427,-84.0795782
Ayutthaya,5,14.3189468,100.5111681
Taunton,5,51.0147895,-3.1029086
Whitehaven,5,54.5474199,-3.5885335
Kharkiv,5,49.9923181,36.2310146
Genève,5,46.2017559,6.1466014
Bellaterra,5,41.5025932,2.0800563
Redhill,5,51.2404691,-0.1682816
Santo Domingo,5,18.4801972,-69.942111
Gyöngyös,5,47.7799838,19.9291176
Indianapolis,5,39.7683331,-86.1583502
Liběchov,5,50.4078364,14.4467459
Santa Cruz,5,28.467178,-16.2507843
Nilai,5,2.8029227,101.80010507367382
Windhoek,5,-22.5776104,17.0772739
Kilmarnock,5,55.6100589,-4.4964652
Tokat,5,40.38658275,36.656546010111526
Gland,5,49.0488889,3.4630556
Serang,5,-6.1169662,106.1518079
Kingston,5,17.9712148,-76.7928128
Maribor,5,46.5576439,15.6455854
Austin,5,30.2711286,-97.7436995
Kalyani,5,22.9749723,88.4345915
Bogor,5,-6.5962986,106.7972421
Parangipettai,5,11.4905673,79.7568983
Rotherham,5,53.4310417,-1.355187
Bournemouth,5,50.7201514,-1.8799118
Esplugues de Llobregat,5,41.3776796,2.0899722
Amritsar,5,31.6356659,74.8787496
Jamshoro,5,25.46882325,68.2650813595265
Surin,5,46.4633741,-0.4616334
Piracicaba,5,-22.725165,-47.6493269
Campeche,5,19.0,-90.5
Gharuan,5,30.7723475,76.5577776
Sorocaba,5,-23.5003451,-47.4582864
Blantyre,5,-15.7862543,35.0035694
Algiers,5,36.7729309,3.0588291
Evergreen,5,31.4334994,-86.9569176
Lafayette,5,30.2262187,-92.0178202
Chelmsford,5,51.7345329,0.4730532
Merthyr Tydfil,5,51.7455659,-3.3786082
Lusaka,5,-15.4163395,28.2818414
Nakhon Sawan,5,15.7054772,99.9288481
Kent,5,51.20707485,0.7210361813401444
Dusit,5,14.54847015,121.02615697985287
Fribourg,5,46.6789116,7.1027113
Norfolk,5,52.666667,1.0
Hue,5,16.4639321,107.5863388
Prachin Buri,5,14.1542055,101.5547823
Salerno,5,40.419441649999996,15.310608468834516
Parma,5,44.6952006,10.097986896904466
Keele,5,43.655569,-79.4595795
Newtown,5,41.4134764,-73.3086445
Northampton,5,52.23433665,-0.9028072768185829
Bangor,5,44.8016255,-68.7713289
Falls Church,5,38.882334,-77.1710914
Brasília,5,-10.3333333,-53.2
Suresnes,5,48.8709053,2.2255727
Basildon,5,51.5754602,0.4757363
Wolverhampton,5,52.5847651,-2.127567
Saitama,5,35.9754168,139.4160114
Nsukka,5,6.8561,7.3927
Odense,5,55.3997225,10.3852104
Bachok,5,5.9951191,102.3867413
Kanagawa,5,35.4342935,139.374753
Pok Fu Lam,5,22.2613585,114.1368109
Kumasi,5,6.6985605,-1.6233086
Brno,5,49.1922443,16.6113382
Wigan,5,53.5457188,-2.6264624
Ahvaz,5,31.3230637,48.67932
Göttingen,5,51.5328328,9.9351811
Ho Chi Minh,5,10.7763897,106.7011391
Bangkok 10330,5,13.7524938,100.4935089
Mons,5,50.4549568,3.951958
Middlesbrough,5,54.5760419,-1.2344047
Da Nang,4,16.068,108.212
Tyler,4,32.3512601,-95.3010624
HB Nijmegen,4,51.8474946,5.8637771
Linz,4,48.3059078,14.286198
Klong Luang Pathumthani,4,14.08220345,100.61292424999999
Chachoengsao,4,13.6093192,101.5467201
Kirkcaldy,4,56.1110218,-3.1582296
Zadar,4,44.1168594,15.2353257
Wavre,4,50.7169694,4.610416
Nontaburi,4,13.8610918,100.3456772
Mashhad,4,36.2974945,59.6059232
Prachinburi,4,14.1542055,101.5547823
Kerala,4,10.3528744,76.5120396
Nanchang,4,28.6472124,116.0348483
Noakhali,4,22.2540799,91.17143993859978
Curitiba,4,-25.4295963,-49.2712724
Stoke-on-Trent,4,53.0162014,-2.1812607
Kuressaare,4,58.2527693,22.4849207
Messina,4,38.1937571,15.5542082
Aomori,4,40.886943,140.590121
Tamil Nadu,4,10.9094334,78.3665347
Delft,4,52.0114017,4.35839
Frankfurt,4,50.1106444,8.6820917
Scarborough,4,54.2820009,-0.4011868
Jaysingpur,4,16.7789886,74.5564244
Iligan City,4,14.328436394589897,121.03134717912805
Gyeongsan,4,35.825122,128.741329
L’Aquila,4,42.1368853,13.610341022538911
Louisville,4,38.2542376,-85.759407
Amman,4,31.9515694,35.9239625
Baghdad,4,33.3061701,44.3872213
Swindon,4,51.5615327,-1.7854322
Oujda,4,34.677874,-1.929306
Sophia Antipolis,4,43.6195225,7.0518158
Westcliff-on-Sea,4,51.5428858,0.6859213
Al-Hofuf,4,25.3696585,49.5865224
Carmarthen,4,51.8591257,-4.3115907
São Carlos,4,-22.0180395,-47.891154
Medford,4,42.4184296,-71.1061639
Bamberg,4,49.8916044,10.8868478
Coral Gables,4,25.7331105,-80.2585107
Mandalay,4,21.9596834,96.0948743
Yazd,4,32.0406164,54.6657189
Kuala Nerus,4,5.3333333,103.0
St. Lucia,4,13.8250489,-60.975036
Burlington,4,44.4761601,-73.212906
Najaf City,4,32.0010227,44.3299926
Shah Alam,4,3.0739429,101.5185278
Kuwait,4,29.3796532,47.9734174
Düsseldorf,4,51.2254018,6.7763137
Nakhonratchasima,4,15.0151665,102.41009366461607
CA,4,61.0666922,-107.991707
Kelantan,4,5.4021302,102.0635972
Milwaukee,4,43.0386475,-87.9090751
Gillingham,4,51.3871701,0.5461611
Växjö,4,56.8787183,14.8094385
Beer-Sheva,4,31.2457442,34.7925181
Baku,4,40.3755885,49.8328009
Kagoshima,4,31.521587,130.5474077
Ibadan,4,7.3786064,3.8969928
Criciúma,4,-28.6789941,-49.3695627
Mohakhali,4,23.779905749999998,90.40831551642857
Beersheba,4,31.2457442,34.7925181
UTM Skudai,4,1.5649213,103.6603242
Wenzhou,4,27.9963899,120.695345
Haywards Heath,4,50.9999616,-0.1049747
Yamaguchi,4,34.2379614,131.5873845
Olsztyn,4,53.77664395,20.477753092192152
Bremen,4,53.0758196,8.8071646
Chon Buri,4,13.1857117,101.1210777
Depok,4,-6.40719,106.8158371
Bali,4,-8.2271303,115.1919203
Munchen,4,48.1371079,11.5753822
San Lorenzo,4,42.3832108,9.287966
Wyndmoor,4,40.0853435,-75.19402070907555
Akron,4,41.083064,-81.518485
Phetchaburi,4,13.0692869,99.6044376
Chelyabinsk,4,55.1598408,61.4025547
Burnaby,4,49.2433804,-122.972545
Golden,4,39.7546349,-105.22058
Guarapuava,4,-25.3950986,-51.4622016
Carlisle,4,54.8948478,-2.9362311
Arlington,4,32.7355816,-97.1071186
Chertsey,4,51.392296,-0.5038294
Hirosaki,4,40.6030543,140.4640389
Mannheim,4,49.4892913,8.4673098
Ontario,4,49.24325145,-87.16237136047111
Nong Khai,4,17.9301421,102.4649809
Kigali,4,-1.8859597,30.1296751
Harlow,4,51.7685568,0.0949036
Stevenage,4,51.9016663,-0.2027155
Belluno,4,46.2805407,12.078913722504204
BKK,4,13.7524938,100.4935089
Ikoma,4,34.6915267,135.6961681
Timisoara,4,45.7538355,21.2257474
Melrose,4,42.4564323,-71.064182
Gloucester,4,51.8653705,-2.2458192
Bangkhen,4,13.8734861,100.58088
St Louis,4,38.6280278,-90.1910154
Salisbury,4,51.0690613,-1.7954134
Hail,4,26.9920987,41.4892578
Aydın,4,37.7405798,28.0676404
CIBERSAM,4,,
La Habana,4,23.135305,-82.3589631
Shankaraghatta,4,13.7336919,75.6339283
Muntinlupa,4,14.3892634,121.0449101
Hualien,4,23.9913421,121.6197276
Oak Ridge,4,36.0103562,-84.2696449
Gifu,4,35.7867449,137.0460777
Newcastle Upon Tyne,4,54.9738474,-1.6131572
Great Yarmouth,4,52.6071742,1.7314845
Highfield,4,-17.8913239,30.9860534
Kepong,4,3.2140294,101.634842
Urbana,4,40.1117174,-88.207301
Burton-on-Trent,4,52.802742,-1.629917
Treviso,4,45.806691349999994,12.206315763116372
Harrogate,4,53.9921491,-1.5391039
Torrance,4,33.8371392,-118.3413606
Cincinnati,4,39.1014537,-84.5124602
Storrs,4,41.80564555,-72.25413294148728
San Luis Potosi,4,22.5000001,-100.4949145
Samutsakhon,4,13.6596273,100.3102188
Stirling,4,56.1181242,-3.9360012
Havana,4,23.135305,-82.3589631
Zürich,4,47.3744489,8.5410422
Madina,4,0.7456754999999999,99.2188578794001
Waterford,4,52.2609997,-7.1119081
Haripur,4,27.0139022,85.5417221759705
"Pathumwan,Bangkok",4,13.7482977,100.52584733414871
Preston,4,53.7593363,-2.6992717
Orem,4,40.2981599,-111.6944313
Thoothukudi,4,8.84570345,77.99381783527917
Opole,4,50.6668184,17.9236408
Kowloon Tong,4,22.334635,114.177078
Copenhagen N,4,43.893439,-75.673828
Sungai Buloh,4,3.20626325,101.58184797581065
Springfield,3,39.7990175,-89.6439575
Polla,3,40.517112,15.497962
Harrisburg,3,40.2663107,-76.8861122
Málaga,3,36.7213028,-4.4216366
Kochi,3,9.9674277,76.2454436
Al Ahsa,3,23.3036077,50.1258804
Omaha,3,41.2587459,-95.9383758
Mawlamyine,3,16.4908026,97.6284825
Casuarina,3,-12.3737641,130.8823639
Dallas,3,32.7762719,-96.7968559
N’Djamena,3,12.1191543,15.0502758
Croydon,3,51.3713049,-0.101957
Narathiwat,3,6.3210758,101.5972971
Phetchabun,3,16.3293171,100.9552749
Ruse,3,43.8480413,25.9542057
Aveiro,3,40.640496,-8.6537841
Sugitani,3,34.7524972,133.8299858
Nakon Pathom,3,13.8918425,100.0165659
Tunbridge Wells,3,51.1371483,0.2673446
Craigavon,3,54.4507201,-6.3921622
Catanzaro,3,38.82996034999999,16.43155687627833
Dumfries,3,55.0691397,-3.6107936
Kragujevac,3,44.0130251,20.91925
Wirral,3,53.3409714,-3.0500916
Truro,3,50.2633173,-5.0518107
Kobe,3,34.6932379,135.1943764
Darmstadt,3,49.8851869,8.6736295
Poitiers,3,46.5802596,0.340196
Hidalgo,3,20.5,-99.0
Dibrugarh,3,27.4844597,94.9019447
Jalandhar,3,31.29223115,75.56788777097373
Ames,3,50.536715,2.4086536
Portland,3,45.5202471,-122.674194
San Cristóbal de Las Casas,3,16.735377,-92.63873
Tacloban City,3,11.2436208,125.0079543
Pulawy,3,51.4171713,21.9720582
Oulu,3,65.0118734,25.4716809
Lagos,3,6.4550575,3.3941795
Dali,3,25.6074778,100.2651597
M'Sila,3,35.1300205,4.200310671358427
Jerusalem,3,31.7788242,35.2257626
Tel Aviv,3,32.0852997,34.7818064
Khartoum,3,15.5635972,32.5349123
Rethymno,3,35.3676472,24.4736079
Nara,3,-0.5252306,166.9324426
Llantrisant,3,51.5412874,-3.3747857
Logan,3,40.1075089,-89.3768539
Caserta,3,41.20351925,14.116862382970815
Tunis,3,36.8002068,10.1857757
Prescot,3,53.4275807,-2.8042467
Al Madinah,3,24.471153,39.6111216
Phrae,3,18.2930601,100.0886757
Gelugor,3,5.3683584,100.3099939
Airdrie,3,51.28597,-114.01062
Akita,3,39.6898802,140.342608
Chakdara,3,34.6557106,72.0308093
Nanaimo,3,49.163877,-123.938122
Isleworth,3,51.4685202,-0.325966
Suzhou,3,31.311123,120.6212881
Woolloongabba,3,-27.492784999999998,153.0383019945906
Huzhou,3,30.8942995,120.0851114
New Brunswick,3,46.2555734,-65.8421701841309
Thrissur,3,10.5270099,76.214621
Tampa,3,27.9477595,-82.458444
Poitiers cedex 9,3,46.568541,0.3793599
Glendale,3,34.1469416,-118.2478471
Fort Lauderdale,3,26.1223084,-80.1433786
Lørenskog,3,59.8970034,10.966914823844895
Manama,3,26.2235041,50.5822436
Sippy Downs,3,-26.7257935,153.07837089055133
WA,3,-25.2303005,121.0187246
Lat Krabang,3,13.7223491,100.7528643
Somerset,3,51.161750850000004,-3.0753867062227487
Tien Giang,3,10.4030368,106.361633
San Piero a Grado,3,43.6796766,10.3478436
Pessac-Bordeaux,3,44.805615,-0.6308396
Nakhonsithammarat,3,8.6772337,99.7309635
Torquay,3,50.4652392,-3.5211361
Sanda,3,47.9278532,19.4404136
Rolla,3,37.9509324,-91.7708076
Yongin,3,37.2405741,127.1785572
West Haven,3,41.2706527,-72.9470471
Ubon Ratchathan,3,,
Thanjavur,3,10.65903695,79.20142776213416
Arau,3,47.3927146,8.0444448
Port-au-Prince,3,18.547327,-72.3395928
Ichikawa,3,35.721634,139.9309444
Ribeirão Preto,3,-21.1776315,-47.8100983
Chaiyaphum,3,16.2720349,101.7153824
Loma Linda,3,34.0537971,-117.2610925
Braunschweig,3,52.2646577,10.5236066
Bedfordshire,3,52.064003400000004,-0.41111375560310925
Gurgaon,3,28.4646148,77.0299194
Salvador,3,13.8000382,-88.9140683
New Taipei,3,25.011997,121.4656619
Laghouat,3,33.750440499999996,2.6431093610595155
Hattiesburg,3,31.3271189,-89.2903392
Izumi,3,34.43108,135.474789
Gyeongbuk,3,36.5754,128.5058
Cali,3,3.4519988,-76.5325259
Kandy,3,7.2931208,80.6350358
Kosice,3,50.1797445,15.5349958
Damascus,3,39.2884381,-77.2038717
Durgapur,3,23.5350475,87.3380425
San Juan,3,18.384239049999998,-66.05343997364733
Stuttgart,3,48.7784485,9.1800132
Loei,3,51.0681628,5.0893974
Bengkulu,3,-3.5186763,102.5359834
Stockton-on-Tees,3,54.564094,-1.3129164
Muscat,3,23.5882019,58.3829448
Ayuthaya,3,13.7524938,100.4935089
Peterborough,3,52.5725769,-0.2427336
Nakhon-Nayok,3,14.1494474,101.2177459
Plan-Les-Ouates,3,46.1683113,6.117887
Zagazig,3,30.5853431,31.5035127
Clichy,3,48.9026,2.30551
Allerod,3,55.8707776,12.3556762
Eindhoven,3,51.4392648,5.478633
Colorado Springs,3,38.8339578,-104.825348
Ipswich,3,52.0579324,1.1528095
St. Boi de Llobregat,3,41.3459033,2.0413673
Konstanz,3,47.659216,9.1750718
Coimbra,3,40.2111931,-8.4294632
Leeuwarden,3,53.2005936,5.7918548
La Paz,3,-16.4955455,-68.1336229
Talence,3,44.8088438,-0.5879629
Nakhon Phanom,3,17.1990989,104.6089459
Zaria,3,11.0248119,7.651853311586596
Sabah,3,5.4257359,117.0326392
Lilongwe,3,-13.9875107,33.768144
San Marcos,3,29.8826436,-97.9405828
Beerse,3,51.3191388,4.8564494
Phutthamonthon,3,13.77689295,100.32084005734554
Byblos,3,34.1236954,35.6493557
Okinawa,3,26.5707754,128.0255901
New Iberia,3,30.0035365,-91.8187285
Muang,3,14.9172997,105.9014994
Guwahati,3,26.1805978,91.753943
Winston-Salem,3,36.0998131,-80.2440518
Bunkyo,3,35.7080255,139.7523066
Kobe Sanda,3,34.9213213,135.27765000932857
Huntingdon,3,40.3446332,-78.0281185
Sonora,3,29.3333331,-110.6666671
México,3,23.6585116,-102.0077097
Ho,3,51.4960092,-0.12983179457250804
Wuhu,3,31.1800568,118.2141777
Bunkyo-ku,3,35.7080255,139.7523066
Menomonie,3,44.8765289,-91.9278716
Tromsø,3,69.6516345,18.9558585
Mugla,3,37.1642053,28.2624288
Sibiu,3,45.7973912,24.1519202
Poznan,3,52.4082663,16.9335199
Turin,3,45.0677551,7.6824892
Roorkee,3,29.8693496,77.8902124
Swabi,3,34.1262144,72.4743164
Jatinangor,3,-6.9342727,107.7723077
Geneve,2,46.2017559,6.1466014
Kiryu,2,36.4057374,139.3308366
Dimapur,2,25.904137849999998,93.7177608788519
Casablanca,2,33.5945144,-7.6200284
Lawrenceville,2,33.9566391,-83.9890066
River Falls,2,44.8596498,-92.6255048
Barakaldo,2,43.29548,-2.9900933
Gaborone,2,-24.6581357,25.9088474
Minato-ku,2,35.6580089,139.7515137
Monroe,2,41.0400423,-75.3249475
Salzburg,2,47.7981346,13.0464806
Southall,2,51.5111461,-0.3755169
Patumtani,2,,
Mayagüez,2,18.21163545,-67.0953571846176
Kaunas,2,54.8982139,23.9044817
Richland,2,38.7060457,-88.0949352
Karbala,2,32.597528,44.015859
Winterthur,2,47.4991723,8.7291498
Kasuga,2,33.5326446,130.4713013
Sunshine Coast,2,-26.6544338,153.0933668
Phattalung,2,7.543525,99.9971582
Chaing Mai,2,18.7876734,98.9828373
Oakland,2,37.8044557,-122.271356
Chunchon,2,36.6593,126.6729
DeKalb,2,41.8903447,-88.7713953
Abha,2,18.2164282,42.5043596
Toulon,2,43.1257311,5.9304919
Solapur,2,17.84990665,75.27632027348457
Lübeck,2,53.866444,10.684738
Imizu,2,36.7304657,137.0753818
Raleigh,2,35.7803977,-78.6390989
Sierre,2,46.2922522,7.5323195
Siegen,2,50.8751175,8.0256131
Roi-Et,2,15.7486448,103.7013017
Eastbourne,2,50.7664372,0.2781546
Bandar Lampung,2,-5.4460713,105.2643742
Mato Grosso do Sul,2,-19.5852564,-54.4794731
Monastir,2,35.7707582,10.8280511
Sarajevo,2,43.8519774,18.3866868
Bannu,2,32.986256299999994,70.59919883118557
Hgo,2,20.5,-99.0
Oita,2,33.2393864,131.6096524
Thua Thien Hue,2,16.4639321,107.5863388
Gadong,2,2.7002289,101.8302876
Dublin 9,2,53.3860497,-6.245577085317763
Harare,2,-17.8567035,31.0601584
Benin-City,2,6.3330586,5.6221058
MADRID,2,40.4167047,-3.7035825
Białystok,2,53.132398,23.1591679
Greenwich,2,51.4820845,-0.0045417
Niterói,2,-22.8884,-43.1147
South Sinai,2,28.64495635,33.87113129565117
Chumphon,2,10.3782724,99.0077685
Wakayama,2,33.8070292,135.5930743
Wollongong,2,-34.4243941,150.89385
Chulalongkorn,2,13.743107349999999,100.53288370292987
Ramat Gan,2,32.0686867,34.8246812
Kawasaki,2,35.5306639,139.7037668
Corte,2,42.3052904,9.1511935
Varanasi,2,25.3356491,83.0076292
York City,2,53.9590555,-1.0815361
Calicut,2,11.2450558,75.7754716
Saarbrücken,2,49.234362,6.996379
Phagwara,2,31.2206734,75.7696463
Toyama,2,36.6468015,137.2183531
Tel-Aviv,2,32.0852997,34.7818064
San Pedro Sula,2,15.5062156,-88.0248937
Palma de Mallorca,2,39.58125245,2.7092683401782343
Santa Maria,2,-29.6860512,-53.8069214
Norman,2,35.2225717,-97.4394816
Hillah,2,15.239041,44.145513
Kozhikode,2,11.2450558,75.7754716
Wiener Neustadt,2,47.8131847,16.2441166
Sibu,2,2.2996600999999997,111.87100115531783
Shiga,2,35.247154,136.109385
Ha’il,2,26.9920987,41.4892578
Ciudad Real,2,38.959734749999996,-3.8828744402485436
Limassol,2,34.6852901,33.0332657
Abbottabad,2,34.1436136,73.2132747
Kafr El-Zayat,2,30.026368973950902,31.170794656233063
Bornova,2,38.4660651,27.2190721
Kurume,2,33.3196545,130.5080625
Nevada,2,39.5158825,-116.853722
Chittagong,2,22.333778,91.8344348
Hat-Yai,2,7.0074644,100.4689889
Pokfulam,2,22.2613585,114.1368109
Hoboken,2,40.7433066,-74.0323752
Genolier,2,46.4350251,6.2178235
Tampere,2,61.4980214,23.7603118
Hiratsuka,2,35.3350609,139.3494345
Crawley,2,51.1103444,-0.1801094
Kuantan,2,3.7985637,103.32199
Khuzdar,2,27.8000135,66.6166537
Obihiro,2,42.923809,143.1966324
Zibo,2,36.8129564,118.0488401
Xiame,2,,
Jabalpur,2,23.1701522,79.9324505
St Leonards-on-Sea,2,50.86381505,0.5588536758618317
Yonezawa,2,37.9222426,140.1166276
Praia,2,14.9162811,-23.5095095
Camperdown,2,-33.8896116,151.1800986
Cheonan,2,36.8150283,127.1140654
Venezia Mestre,2,45.482462,12.2317016
Hong Kong SAR,2,22.350627,114.1849161
Espoo,2,60.2047672,24.6568435
Nuneaton,2,52.5246182,-1.4684488
Al-Hasa,2,23.3036077,50.1258804
Cremona,2,45.22086405,10.037037979628856
Pohang,2,36.0189315,129.3429384
Thibodaux,2,29.7957633,-90.822871
Arcata,2,40.866517,-124.08284
Sakharkherda,2,20.2056297,76.3975608
Himachal Pradesh,2,31.9292352,77.1828462
Lamongan,2,-7.1229318500000005,112.32819354965417
Bridgetown,2,13.0977832,-59.6184184
Crema,2,45.362828,9.6874573
Belagavi,2,16.15878455,74.88886197026468
Elazig,2,38.5824771,39.396179
Lalitpur,2,24.6999688,78.51861997577222
Duisburg,2,51.434999,6.759562
Castello de la Plana,2,39.9860347,-0.0377354
Ranong,2,10.0469546,98.6870133
Taguig City,2,14.49004525,121.05480785234244
Niigata-ken,2,37.6452283,138.7669125
Koper,2,45.5479864,13.7304781
Bury St Edmunds,2,52.2460367,0.7125173
Stavanger,2,58.9699675,5.7318101
Jakarta Pusat,2,-6.18233995,106.84287153600738
Dekalb,2,41.8903447,-88.7713953
Venezia,2,45.4371908,12.3345898
Hatfield,2,51.7634675,-0.2258741
Pollachi,2,10.6588234,77.00873
Latakia,2,35.5200185,35.7781044
Tuen Mun,2,22.39486275,113.97306980333741
Datong,2,40.0919817,113.2951122
Sewanee,2,35.200644,-85.91952368522726
Anantapur,2,14.72421995,77.43067380798242
Samut Prakarn,2,13.586036,100.60670401176327
Miyazaki,2,32.097681,131.294542
Alkharj,2,24.2253184,56.3320998
Dordrecht,2,51.814429,4.6692438
Kabul,2,34.5227939,69.1742023
Fitzroy,2,-37.8010382,144.9792611
Cochabamba,2,-17.401245799999998,-66.16756808852
Canakkale,2,40.0549886,26.9278292
Manado,2,1.4900578,124.8408708
Chambéry,2,45.5662672,5.9203636
Olomouc,2,49.5940567,17.251143
Thiruvalla,2,9.3867448,76.5762652
Iași,2,47.1615598,27.5837814
Rasht,2,37.2793607,49.5846102
North Sydney,2,-33.8354519,151.2083011
Marshfield,2,44.6662287,-90.1740313
Mueang Phitsanulok,2,16.743926,100.1188148
Biberach,2,48.0984413,9.7899938
Kedah,2,5.8098265,100.6715035
Kota Damansara,2,3.1536719,101.593544
PathumWan,2,13.7482977,100.52584733414871
Abakaliki,2,6.3208897,8.1133202
Rio Cuarto,2,-33.1237585,-64.3489782
Little Rock,2,34.7465071,-92.2896267
Seri Kembangan,2,3.0340649,101.7055684
Cagliari,2,39.2171994,9.113311
Laguna,2,14.1696476,121.3336526
Nîmes,2,43.8374249,4.3600687
Karaj,2,35.8224892,50.9904681
Pathom,2,13.8918425,100.0165659
Stamford,2,41.0534302,-73.5387341
Pullman,2,46.7304268,-117.173895
Phathum Wan,2,,
Kattankulathur,2,,
Saint-Petersburg,2,59.9606739,30.1586551
Sant Boi de Llobregat,2,41.3459033,2.0413673
Punta Arenas,2,-53.1625688,-70.907822
Trnava,2,48.3767652,17.5858175
New Territories,2,22.4300716,114.0724197
Eldoret,2,0.5198329,35.2715481
Bander Sunway,2,,
Toyoake,2,35.05936,137.013714
Umeå,2,63.8256568,20.2630745
Northridge,2,34.2345615,-118.5369316
Bedong,2,5.7275567,100.5094517
L'Aquila,2,42.1368853,13.610341022538911
Natal,2,-5.805398,-35.2080905
Pingtung,2,22.6828017,120.487928
Rajapalayam,2,9.403158399999999,77.51826437085998
Be’er Sheva,2,31.2457442,34.7925181
Tochigi,2,36.6782167,139.8096549
Ariel,2,32.1060817,35.1851368
Mexico city,2,19.4326296,-99.1331785
Legnaro,2,45.345648,11.963935
Sahiwal,2,30.6715098,73.1110572
Arnsberg,2,51.4002384,8.0605908
Bangaluru,2,13.022234699999998,77.56718324768107
Freetown,2,8.479004,-13.26795
Alabama,2,33.2588817,-86.8295337
Musanze,2,-1.50405,29.63631
Khan Kaen,2,11.418037,99.525102
Jatuchak,2,13.7991517,100.5467766
İzmir,2,38.23166,27.02997
Denizli,2,37.8275892,29.2389539
Washington DC,2,38.8950368,-77.0365427
Matsuyama,2,33.8395188,132.7653521
Biên Hòa,2,10.9509538,106.8226134
Warszawa,2,52.2337172,21.071432235636493
Brasilia,2,-10.3333333,-53.2
Niš,2,43.3211301,21.8959232
Cau Giay,2,21.0292159,105.8033629
Bloemfontein,2,-29.116395,26.215496
Medellín,2,6.269732449999999,-75.60255965090315
Pekin,2,40.190632,116.412144
Chi Minh City,2,10.7763897,106.7011391
Poznań,2,52.4006632,16.91973259178088
Subang Jaya,2,3.051487,101.5823339
Makati City,2,14.5567949,121.0211226
Cracow,2,-25.330132499999998,150.29240746995595
Jimma,2,7.6756152,36.8478779
Roanoke,2,37.270973,-79.9414313
Czestochowa,2,50.8089997,19.1244089281233
Peoria,2,40.6938609,-89.5891008
Toowoomba,2,-27.5610193,151.953351
Kampar,2,4.30066,101.1614462
Tirupati,2,13.6316368,79.4231711
Jena,2,50.9281717,11.5879359
Rio,2,-22.9110137,-43.2093727
Si Racha,2,53.0977872,-1.3869068449103015
Vlorë,2,40.4707602,19.4912716
Tena,2,46.015703,11.264283
Suphanburi,2,14.6777,100.0350785
Najran,2,18.0,45.666667
Nancy,2,48.6937223,6.1834097
La Garde,2,45.0691999,6.0449399
Bien Hoa,2,10.9509538,106.8226134
Kiev,2,50.4500336,30.5241361
Kinshasa,2,-4.3196982,15.3424196
Latur,2,18.355334749999997,76.75489974062862
Wein,2,6.200312,-10.4410096
Al Munawwarah,2,5.55192315,95.3082825964358
Claremont,2,34.0966764,-117.7197785
Al-Ahsa,2,23.3036077,50.1258804
Buraydah,2,26.331667,43.971667
Yangsan,2,35.3349979,129.0370582
Ås,2,59.67928085,10.774163640502413
Nakornnayok,2,13.99945765,100.66179723604716
Ishikawa,2,36.9890574,136.8162839
Dubai,2,25.2653471,55.2924914
Lake Alfred,2,28.091963,-81.7234114
Nishinomiya,2,34.7377745,135.3413128
Cuiabá,2,-15.5986686,-56.0991301
Manisa,2,38.8574402,28.0565711
England,2,52.5310214,-1.2649062
NakhonNayok,2,,
Queensland,2,-22.1646782,144.5844903
Massa,2,44.0359323,10.1395519
Gujrat,2,32.5686782,74.071481
Barretos,2,-20.5531437,-48.5697509
Texel,2,53.0767854,4.905757015033067
Warwick,2,52.2814519,-1.5815742
Amsterdum,2,,
Shimoga,2,14.05565025,75.23805528480658
Watford,2,51.6553875,-0.3957425
Telangana,2,17.8495919,79.1151663
Zhenjiang,2,32.1891959,119.4200069
Hildesheim,2,52.1527188,9.9518083
Krems an Der Donau,2,48.4108382,15.6003717
La Rochelle,2,46.159732,-1.1515951
Yeosu,2,34.7546257,127.659859
Orlando,2,28.5421109,-81.3790304
Cebu City,2,10.2935639,123.9019209
Jaipur,2,26.9154576,75.8189817
Greencastle,2,39.6444898,-86.8647316
Teddington,2,51.4277844,-0.333653
Mueang Nonthaburi,2,13.8428962,100.4937886
Reston,2,38.953282,-77.34645162054832
Steyning,2,50.8902203,-0.3302184
Jiangsu,2,33.0000001,119.9999999
Stellenbosch,2,-33.934444,18.869167
Chillan,2,-36.6066616,-72.1033194
Malmö,2,55.6052931,13.0001566
Essex,2,51.77046785,0.46466977412300386
Emporia,2,38.4040054,-96.181623
Bangkoks,2,,
Clemson,2,34.6850749,-82.8364111
Marrakech,2,31.6258257,-7.9891608
Jawa Timur,2,-7.6977397,112.4914199
Clydebank,2,55.9026837,-4.4034151
Sarawak,2,2.5023855,112.9547283
Prato,2,43.935718050000006,11.09414726770089
Rapid City,2,44.0806041,-103.228023
Seongnam-si,2,37.4201556,127.1262092
Ansan,2,43.6908432,0.7735233
Sumedang,2,-6.80987135,107.98177315918636
Fort Wayne,2,41.0799898,-85.1386015
Kanjanaburi,2,,
River Forest,2,41.8978091,-87.8139483
Great Abington,2,52.1152817,0.2367961
Volgograd,1,48.7081906,44.5153353
Lille cedex,1,,
Fredonia,1,5.9270644,-75.6718221
Thessaloniki,1,40.6403167,22.9352716
Palaiseau Cedex,1,,
Saint-Genis-Laval,1,45.6950021,4.7928827
Lismore,1,-28.8077608,153.2791883
Odawara,1,35.2645301,139.152246
Kaifeng,1,34.604167,114.497222
Shiraz,1,29.6060218,52.5378041
Gottingen,1,51.5328328,9.9351811
Tangerang,1,-6.1761924,106.6382161
Bowling Green,1,36.9903199,-86.4436018
Charleston,1,32.7884363,-79.9399309
Cheonan-si,1,36.8150283,127.1140654
Nishimuro,1,34.4934246,135.726624
Bethlehem,1,-1.45056,-48.4682453
Georgetown,1,6.8137426,-58.1624465
Winnipeg,1,49.8955367,-97.1384584
Phaya Thai,1,13.7710862,100.5365699
Sepang,1,2.8008619,101.7094012
Armidale,1,-30.5144881,151.6656564
Savar,1,44.0613586,15.0159131
Karnataka,1,14.5203896,75.7223521
Bissau,1,11.861324,-15.583055
Pembroke Pines,1,26.0061943,-80.2872086
Maywood,1,33.9866807,-118.185349
Muntinlupa City,1,14.3892634,121.0449101
Mymensingh,1,24.8889305,90.3845187
Minden,1,52.2881045,8.9168852
Isparta,1,37.9465412,30.9602093
Tungkru,1,,
Sønderborg,1,54.9089186,9.7897999
Phra Nakhon Si Ayutthaya,1,14.3189468,100.5111681
Bothell,1,47.7623204,-122.2054035
Buon Ma Thuot City,1,10.0257125,105.7727282
Uberaba,1,-19.750833,-47.936666
Anchorage,1,61.2163129,-149.894852
Thonburi,1,13.7605974,100.4787465
San Sai,1,18.6363089,98.9631052
Port Louis,1,-20.1624522,57.5028044
Hanoï,1,21.0283334,105.854041
Ulm,1,48.3984968,9.9912458
Selaiyur,1,12.9187445,80.1311172
Burdur,1,37.5183407,30.1691254
Kediri,1,-7.8111057,112.0046051
Bolligen,1,46.9755611,7.4983298
Guilin,1,25.2779894,110.2910622
Knon Kaen,1,,
Muş,1,38.9740786,41.9590433
Amersfoort,1,52.1562499,5.3896944
Hachioji,1,35.6663595,139.3163653
Campo Grande,1,-20.4640173,-54.6162947
Djelfa,1,34.342841,3.217253079090331
Roseworthy,1,-34.5332267,138.7467051
Ajmer,1,26.4691,74.639
Crete,1,41.4445334,-87.6313829
Sisaket,1,14.9222,104.4439596
Nice,1,43.7009358,7.2683912
Taitung City,1,22.7560447,121.1456538
Şrnak,1,37.455253,42.5212049
Dalian,1,39.740278,122.255833
Copenhagen Ø,1,55.6867243,12.5700724
Pathum thani,1,14.048667,100.5640405
Biñan,1,14.3388259,121.0841826
Scottsdale,1,33.4942189,-111.926018
Saint-Quentin,1,49.8465253,3.2876843
Musashino,1,35.7177239,139.5659802
Rostov-on-Don,1,47.2610441,39.72490856518773
Houten,1,52.0271433,5.1620637
Tirupattur,1,12.4983561,78.5618167
Inuyama,1,35.3609734,136.9845491
Lowell,1,42.6414437,-71.3085329
Neiva,1,2.9257038,-75.2893937
Prishtina,1,42.6638771,21.1640849
Veracruz,1,19.333333,-96.666667
Lanaken,1,50.8892784,5.6513208
Lüneburg,1,53.248706,10.407855
Salmiya,1,29.3328242,48.0684884
Hatyai,1,6.93409855,100.3879750591064
Makhanda (Grahamstown),1,-33.2883712,26.49665655
San Antonio,1,29.4246002,-98.4951405
Gif sur Yvette,1,48.7018823,2.134529
Bakersfield,1,35.3738712,-119.019463
Kashan,1,33.9876533,51.4428856
Kingston Upon Thames,1,51.4096275,-0.3062621
Zovencedo,1,45.428491,11.503199
Burgos,1,42.343926,-3.696977
Setif,1,36.1893494,5.4046876
Melaka,1,2.3293744,102.2880962
Carins,1,51.06538895,-115.3365721048913
Patna,1,25.6093239,85.1235252
Yufu,1,33.1800993,131.4269323
Hubballi,1,15.3518378,75.1379848
Jubail,1,27.0006968,49.6532161
Hachioji-shi,1,35.6663595,139.3163653
Dayton,1,39.7589478,-84.1916069
Kanazawa,1,36.561627,136.6568822
Orange,1,33.750631,-117.8722311
Andhra Pradesh,1,15.9240905,80.1863809
Torun,1,53.0145361,18.596583144651557
Jilin City,1,43.8562659,126.5737676
Jurong West,1,1.3434392,103.7058663
Morogoro,1,-7.0842931,37.4232686
Kensington,1,51.4989948,-0.1991229
Epsom,1,51.3326098,-0.2678212
Koriyama-shi,1,37.404937,140.333381
Bad Mergentheim,1,49.490532,9.7730692
Novo Mesto,1,45.8040475,15.1696684
Upton,1,31.3720387,-102.0386055
Nay Pyi Taw,1,19.7540045,96.1344976
Bucaramanga,1,7.16698415,-73.1047294009737
Fairfield,1,39.7886111,-82.6418883
Versailles,1,48.8035403,2.1266886
Vero Beach,1,27.6387163,-80.3975399
Lille,1,50.6365654,3.0635282
Chengalpattu,1,12.6840886,79.9836371
Osaka-sayama,1,34.5163731,135.5485365
Surrey,1,51.2715316,-0.3414523511290909
ShenzhenShenzhen,1,,
Uttaradit,1,17.625163,100.4029452
Sri Lanka,1,7.5554942,80.7137847
Chemnitz,1,50.8323531,12.918914
Sacramento,1,38.5810606,-121.493895
Caracas,1,10.5060934,-66.9146008
Havforskningsinstituttet,1,60.39998799999999,5.303192773993796
Nakonratchasrima,1,,
San Jaun,1,43.0201827,-1.3241742676370754
Zhangzhou,1,24.2388257,117.4524304
Dharan,1,31.3251384,77.567575
Pak Chong,1,14.7040864,101.4132201
Champs sur Marne,1,48.8526892,2.6027219
Minia,1,48.5150492,-1.8995937
Malappuram,1,11.10684475,76.10995510466662
Surrey Hills,1,-37.8271881,145.0978326
Yekaterinburg,1,56.839104,60.60825
Taiyuan,1,37.870009,112.5452739
Science City of Muñoz,1,15.7135413,120.9039451
Chuncheon,1,37.8810569,127.7297641
Lomé,1,6.130419,1.215829
Limerick,1,52.661252,-8.6301239
Vitoria-Gasteiz,1,42.8465088,-2.6724025
Bukit Merah,1,4.5616942,101.0240366
Heist-op-den-Berg,1,51.0759905,4.7286753
Bankok,1,13.7524938,100.4935089
Yibin,1,28.58689,104.718661
Atusgi,1,,
Kuwait City,1,29.3796532,47.9734174
Latkrabang,1,13.72021875,100.72513667676198
Ceará,1,-5.3264703,-39.7156073
Bamako,1,12.649319,-8.000337
Bilbao,1,43.2630018,-2.9350039
Kota SBY,1,-7.2606504,112.7417775
Edgbaston,1,52.4709941,-1.9225861
Ndjamena,1,12.1191543,15.0502758
Seenlasht,1,,
Saint Dizier,1,48.6371125,4.9473513
Nabari,1,34.6279243,136.1086582
Bridgeport,1,41.1792695,-73.1887863
Bohol,1,9.833333,124.1615579
Meguro,1,35.6412891,139.6983834
Kitakyushu,1,33.8829996,130.8749015
San Sebastian,1,43.3224219,-1.9838889
Mansehra,1,34.3286855,73.1993125
Polokwane,1,-23.9058333,29.4613889
Keelung City,1,25.1314886,121.7494318934765
St. Michael,1,45.210202,-93.6648083
Busaiteen,1,26.2719165,50.6028404
Tak,1,36.5940732,69.7938996
João Pessoa,1,-7.1215981,-34.882028
Muang Thong Thani,1,13.916981400000001,100.54033870419809
Kashiwanoba,1,,
Mandaluyong,1,14.5774392,121.0338973
N.L.,1,53.8217327,-61.2295532
Roodepoort,1,-26.1563889,27.8858333
Mo i Rana,1,66.3110969,14.1386991
Himeji,1,34.8153529,134.6854793
Vidyanagar,1,17.4019354,78.5095814
Gradignan Cedex,1,,
Son,1,49.58132,4.27575
Murree,1,33.9056829,73.392674
Seongnam,1,37.4201556,127.1262092
Putian,1,25.4965882,118.8500963
Cotonou,1,6.3676953,2.4252507
Frascati Rome,1,41.8082452,12.6803684
Des Plaines,1,42.0415823,-87.8873916
Majadahonda,1,40.4728425,-3.8723542
Nitra,1,48.31295,18.0894593
Yuanjiang,1,23.5991148,101.9947641
Roskilde,1,55.6433478,12.0819247
Sevenoaks,1,51.27452185,0.1961165562194977
Bogura,1,15.6405987,74.7066936
Kongens Lyngby,1,55.7718649,12.5051413
Kreuzlingen,1,47.6464362,9.1725621
Bicocca,1,44.8837197,7.4637407
Santa Clara,1,37.3541132,-121.955174
Teramo,1,42.65811795,13.69787458752063
Hempstead,1,40.6736812,-73.6190736
Thu Dau Mot,1,10.9808435,106.6537483
China,1,35.0000663,104.999955
Saensuk Municipality,1,16.4217317,102.8568287
Kahramanmaras,1,37.7830345,36.830655
Samut Songkhram,1,13.3576862,99.9619685
Wauwatosa,1,43.0494122,-88.0079271
Bengalur,1,,
Hausham,1,47.7507322,11.8394101
Toyama City,1,36.7067505,137.2140556604918
Bamenda,1,5.9614117,10.1516505
Ahmedabad,1,23.0215374,72.5800568
(Bagla) Samba,1,,
Trencin,1,48.8922719,18.0387465
Machidashi,1,35.5111765,139.4769624
Salford,1,53.4877463,-2.2891921
Fujisawa,1,35.3388615,139.4909335
Espinardo,1,38.0084441,-1.1555733
Zaragoza,1,41.6521342,-0.8809428
Cooperstown,1,42.7006303,-74.924321
Ningbo,1,29.8622194,121.6203873
Arecibo,1,18.40474985,-66.68103529443202
Firozpur,1,30.8753832,74.65254375024789
Ropar,1,30.9688367,76.526088
Tanta City,1,-34.5971973,-58.3787228
Makkah,1,21.420847,39.826869
Evansville,1,37.970495,-87.5715641
Nantou,1,23.90235,120.6909167
Makkum,1,53.0572965,5.4048682
Nakhon-Si-Thammarat,1,8.6772337,99.7309635
Barrow-in-Furness,1,54.128879600000005,-3.2269008205428933
Nakornratchasima,1,,
Martin,1,32.2675039,-101.9190317
Middlebury,1,44.014299,-73.167229
Hayward,1,37.6688205,-122.080796
Nakorn Phathom,1,,
Great Neck,1,40.7870327,-73.7267563
Delhi NCR,1,28.6882438,77.1212148
Kisumu,1,-0.1029109,34.7541761
Enschede,1,52.2209855,6.8940537
Coimabatore,1,,
Newton,1,30.8118989,-93.740504
Dammam,1,26.4367824,50.1039991
Cantho,1,10.0364634,105.7875821
Bangkok 10300,1,13.7524938,100.4935089
Venice,1,45.4371908,12.3345898
Chile,1,-31.7613365,-71.3187697
St Andrews,1,56.3403902,-2.7955844
Dasmarinas,1,14.3270819,120.9370871
Mavlern,1,,
Anhui,1,32.0,117.0
Dhanbad,1,23.7952809,86.4309638
Pirassununga,1,-21.9980468,-47.4280861
Fall Church,1,39.880322050000004,-86.01265995245677
Krungthep,1,14.6002897,99.4718628
Amaravati,1,16.5096679,80.5184535
Sendai-city,1,38.2559926,140.85686341796912
Cuernavaca,1,18.93313205,-99.25995794657074
Shenyang,1,41.8026095,123.4279105
Bata Cabs,1,,
Foshan,1,23.0239788,113.1159558
Akungba Akoko,1,7.4696003,5.7361985
Fountain Valley,1,33.7038145,-117.9627349
Meerbusch,1,51.2652237,6.6760958
Jiaoxi,1,24.8236455,121.7713481
Prachuap Khiri Khan,1,12.0432669,99.7487235
Bishkek,1,42.8777895,74.6066926
Fargo,1,46.877229,-96.789821
Lamphun,1,18.2661422,98.96749
Monte Blanche,1,45.6611645,6.914829
Mogadishu,1,2.0349312,45.3419183
Kalavakkam,1,12.7453188,80.1950454
Kenitra,1,34.26457,-6.570169
Trat,1,12.2593544,102.4268871
Brazzaville,1,-4.2694407,15.2712256
Siddipet,1,18.005585099999998,78.89611304969961
Bang Phli,1,13.6071261,100.7078826
Pratumthani,1,,
St.Louis,1,38.6280278,-90.1910154
Maqabah,1,,
Jilin,1,43.582583400000004,126.12661770729827
KAYSERI,1,38.7219011,35.4873214
Kritipur,1,27.64744360475036,83.4664249598369
Sylhet,1,24.89922,91.8685271
Gunsan,1,35.9679984,126.7369036
Ouagadougou,1,12.3681873,-1.5270944
Urmia,1,37.548341,45.0667111
Minakami,1,36.851601,139.0549371025551
Ostfildern,1,48.7178603,9.2630693
Elche,1,38.2653307,-0.6988391
Frascati (Rome),1,41.8082452,12.6803684
Apopka,1,28.678013,-81.511398
Magdalenka,1,52.0927076,20.9067608
Jinjiang,1,24.784435,118.5477505
Basrah,1,51.8650996,-2.1155356999999997
Can Tho City,1,10.0364634,105.7875821
Potsdam-Golm,1,52.4068318,12.9682671
Ismailia,1,30.6043775,32.2770825
Munawwarah,1,24.471153,39.6111216
Worchester,1,-33.6394993,19.4411747
Yucatán,1,20.6845957,-88.8755669
Cassino,1,41.4925576,13.8305297
Saõ Paulo,1,-23.5506507,-46.6333824
Dummerstorf,1,54.0131361,12.2281926
Le Guedeniau,1,47.4957592,-0.0484679
Poltava,1,49.8607809,33.7498787
Sfax,1,34.7394361,10.7604024
Roi-et,1,15.7486448,103.7013017
Belmopan,1,17.250199,-88.770018
Chatuchak,1,13.8030357,100.5502304
Kendari,1,-3.9918068,122.5180066
Huaian,1,33.5978169,119.0196971
Puducherry,1,10.91564885,79.80694879844232
Culiacán,1,24.7978965,-107.393395
Yichang,1,30.6941332,111.2803512
Dasmarinas Cavite,1,14.3270819,120.9370871
Incheon,1,37.456,126.7052
Wiesbaden,1,50.0820384,8.2416556
Duarte,1,34.1394513,-117.9772873
Heraklion,1,31.302979,30.120813
Haryana,1,29.0,76.0
Managua,1,12.1544035,-86.2737642
Antalya,1,36.8865728,30.7030242
Birjand,1,32.8633961,59.2177294
Gresik,1,-5.79334655,112.6598223201143
Belo Horizonte,1,-19.9227318,-43.9450948
Palembang,1,-2.9888243,104.7568507
St. John’s,1,47.5614705,-52.7126162
Zealand,1,55.545597900000004,11.697374095992934
Kashiwanoha,1,35.8934193,139.9525058
Aspendale,1,-38.0272365,145.1021263
Northfield,1,44.4582041,-93.161159
Barco,1,45.3791667,9.8995332
Vinnytsya,1,49.2392809,28.5110617
Miri,1,4.3940102,113.9880199
San Pedro,1,33.7358518,-118.2922934
Volos,1,39.3624833,22.9401864
Kumbakonam,1,10.9604108,79.3820861
Aarhus C,1,56.20424885,10.263710468026026
Uji,1,39.994311999999994,-0.07139616293945164
Candiolo,1,44.959244,7.601722
Phatumwan,1,13.7440775,100.520005
Thandalam,1,13.00153,80.1182015
Bang Phut,1,14.0582415,100.5890178
Jambi,1,-1.6394711,102.94542640112506
Kiruna,1,68.166667,19.5
Fukushima,1,37.760777,140.4745807
Mbour,1,14.385877449999999,-16.829797609320536
Jawa Barat,1,-6.8891904,107.6404716
Risskov,1,56.2017679,10.2419582
Metro Manila,1,14.5736108,121.0329706
Bandar Seri Begawan,1,4.8895453,114.9417574
Malang City,1,-7.9865733,112.67164082823729
Mount Sinai,1,28.5388088,33.9751845
Petaluma,1,38.2325829,-122.636465
Dumaguete,1,9.3054777,123.3080446
Santiago de Chile,1,-33.4377756,-70.6504502
Thailand,1,14.8971921,100.83273
Nassau,1,25.0782266,-77.3383438
Sonepat,1,28.99197,77.0342633
Greeley,1,40.4233142,-104.7091322
Krefeld,1,51.3331205,6.5623343
Pasig,1,14.5605166,121.0764343
Dalat,1,11.9402416,108.4375758
Tunja,1,5.5324313,-73.3616014
Dar es Salaam,1,-6.8160837,39.2803583
Bloomington,1,39.1670396,-86.5342881
Amphoe Muang,1,18.7648492,98.9946263
Antipolo,1,14.5871972,121.1759246
Phranakhon Si Ayutthaya,1,14.3458027,100.56432131284333
Três Lagoas,1,-20.7866799,-51.7061247
Mekelle,1,13.4966644,39.4768259
Cavite,1,14.2554073,120.8671503
Saint Denis,1,48.935773,2.3580232
Sathorn,1,13.7188644,100.5127108
Nakhompathom,1,,
AB Tilburg,1,51.5562404,5.0886014
Greenwood,1,37.8709542,-96.2471338
Macon,1,32.8406946,-83.6324022
Bures-sur-Yvette,1,48.6972179,2.1632719
Borås,1,57.7210839,12.9407407
Sana’a,1,15.35,44.2
Irbid,1,32.5556091,35.8493023
Bac Ninh,1,21.0955822,106.1264766
Reno,1,39.5261206,-119.8126581
Uniondale,1,40.7095827,-73.592341
Titusville,1,28.6126236,-80.8079545
Versoix,1,46.2773064,6.168962
the Hague,1,52.0799838,4.3113461
Muğla,1,37.1642053,28.2624288
Chung Li,1,39.7837304,-100.445882
New Lambton,1,-32.9277778,151.7108333
Mengla,1,21.6551382,101.4786177
Abomey-Calavi,1,6.4538637,2.354245
Soa,1,3.9781803,11.5931287
Aden,1,12.789585,45.028504
Terengganu,1,4.8630743,102.9949297
Creteil,1,48.7771486,2.4530731
Murfreesboro,1,35.8460396,-86.3921096
Phuket,1,7.9366015,98.3529292
NakhonPathom,1,13.812682500000001,100.07238090788499
Thunder Bay,1,48.406414,-89.259796
Fresno,1,36.7394421,-119.78483
Kaohsiung City,1,22.630583,120.3438175204031
Haiphong,1,20.858864,106.6749591
Takasaki,1,36.3220984,139.0032758
Ponzan,1,45.710824,12.2237501
Nugegoda,1,6.8699688,79.8882835
Lublin,1,51.218194499999996,22.554677562145155
Al-Diwaniya,1,24.600350840392732,46.75513928082397
Tokorozawa,1,35.7987179,139.4696758
Fremantle,1,-32.0534086,115.7586172
Luton,1,51.89107295,-0.4230304076201782
Due West,1,34.3334469,-82.387902
Horta,1,38.5795831,-28.70962954787518
Amarante,1,41.2699316,-8.0804563
Surat,1,21.2094892,72.8317058
Quillota,1,-32.879997,-71.2473555
Medina,1,29.2836281,-99.1126826
Afula,1,32.6075587,35.2890861
Argonne,1,49.20222595,4.942973285932539
Banská Bystrica,1,48.7383895,19.1585805
Higashihiroshima,1,34.42683,132.741552
Chiang-Mai,1,18.7882778,98.9858802
Gyeonggi-do,1,37.2884675,127.0535231
Akluj,1,17.8930069,75.0204482
Hurlingham,1,-34.5933423,-58.6378405
Gaza,1,-23.328398,32.8066057
West Sussex,1,51.0,-0.416667
Nakorn Prathom,1,,
Bhubaneshwar,1,20.2602964,85.8394521
Shimotsuke,1,36.3943469,139.8515863
Reynoldsburg,1,39.9547861,-82.8121191
Culemborg,1,51.94933145,5.209215154667634
Samsun,1,41.2303557,35.9683338
Changwon,1,35.227956,128.6818586
Lvliang,1,37.5673957,111.1311369
Jersey City,1,40.7215682,-74.047455
Tirana,1,41.3281482,19.8184435
NayPyiTaw,1,19.7540045,96.1344976
New Cario,1,-33.8284721,151.2304114
Meishan,1,29.9866838,103.7790009
Nakhonsawan,1,15.7013994,100.1279785
Ongkharak,1,14.1216261,101.0014337
Zunyi,1,27.6912954,106.9155974
Lembah Pantai,1,3.101597,101.6688966
Sharjah,1,25.2311534,54.21900831355923
Banda Aceh,1,5.5528455,95.3192908
Klecany,1,50.1756713,14.4117052
"Muang District,Nakhon Ratchasima",1,,
WestLafayette,1,,
Madurai,1,9.9261153,78.1140983
La Plata,1,-34.9206797,-57.9537638
Erbil,1,36.1911744,44.0094145
Douliou,1,23.7050525,120.5372523
Southport,1,53.6475988,-3.0041751
Taxila,1,33.7474551,72.8073364
Mizuho,1,35.7383371,139.6615041
Trivandrum,1,8.4882267,76.947551
Conakry,1,9.5170602,-13.6998434
Avadi,1,13.1194809,80.1026704
Lucia,1,45.50708,13.6046378
Frederick,1,39.2127031,-78.279166
Belize City,1,17.5002768,-88.1988737
Galati,1,45.4338215,28.0549395
Jeli,1,5.5900186,101.8171685
Tokai,1,35.044082,136.90902
Trier,1,49.7596208,6.6441878
Busan,1,35.1799528,129.0752365
Kariya,1,34.974678,137.002791
San Nicolás de los Garza,1,25.7558021,-100.289648
Frederiksberg,1,55.678016,12.5326186
Yala,1,6.3344846,101.1409694
Palangka Raya,1,-2.2072919,113.9164372
Abbotsford,1,49.0521162,-122.329479
Reims,1,49.2577886,4.031926
Nakaku,1,-7.959747,141.7685886
Kunitachi,1,35.681991,139.43624
Guatemala City,1,14.6416142,-90.5132836
Rennes,1,48.1113387,-1.6800198
Egham,1,51.4312585,-0.5473085
Villanova,1,41.9591678,8.668422
Galveston,1,29.3872254,-94.992736
Monrovia,1,6.328034,-10.797788
Ilishan-Remo,1,,
Kansas City,1,39.100105,-94.5781416
Minot,1,47.6698594,4.8786165
Paris Cedex 05,1,,
Minh City,1,10.7763897,106.7011391
Dinajpur,1,25.6260712,88.6346228
Budějovice,1,48.9747357,14.474285
Ha Noi,1,21.0283334,105.854041
Penalolen,1,-33.4765918,-70.5418308
Waverly,1,42.7258451,-92.4746033
Spokane,1,47.6571934,-117.42351
Obu,1,66.910468,-156.8861424
Banska Bystrica,1,48.7383895,19.1585805
ST. PAUL,1,44.9497487,-93.0931028
Haikou,1,20.0462328,110.1956502
Troy,1,42.7284117,-73.6917878
Bareilly,1,28.45823445,79.40474517998476
New Cairo City,1,30.0277688,31.4756825
Gelegphu,1,26.8703648,90.4855802
Kunming City,1,25.0363006,102.7086139
Sackville,1,-33.4971446,150.8829012
Nerima,1,35.7506445,139.6162651
Aleppo,1,36.19924,37.1637253
León,1,42.5989995,-5.5682413
Wadi Addawaser,1,,
San Jose,1,37.3361663,-121.890591
Butare,1,-2.54261195,29.159087046084316
Nelson,1,-41.2710849,173.2836756
Girona,1,41.9793006,2.8199439
Pakkred,1,13.906077,100.5039784
Gyungsan,1,,
Koganei,1,35.7041083,139.5106759
Shahrood,1,-33.8134322,151.10512099576937
Chania,1,35.5120831,24.0191544
Saint Paul,1,44.9497487,-93.0931028
Quchan,1,37.1060904,58.5086657
Mosul,1,36.343694049999996,43.099715597302286
Assam,1,26.4073841,93.2551303
Mälardalens,1,59.61821035,16.541635659461644
Chișinău,1,47.0245117,28.8322923
Khemis Miliana,1,36.256005200000004,2.2206012519399354
Lyngby,1,55.7718649,12.5051413
Buleleng,1,-7.8428262,115.19702946173408
Constanta,1,44.1767161,28.6507598
San Luis Obispo,1,35.3540209,-120.375716
Astana,1,51.1159933,71.46770587485393
Chidambaram,1,11.3920706,79.703025
Plattsburgh,1,44.6951801,-73.4549227
Karlstad,1,59.3809146,13.5027631
Burjassot,1,39.5090599,-0.4108581
Villejuif,1,48.7921098,2.3633048
Pilar,1,-7.264034,-35.252326
Ngaoundéré,1,7.3211536,13.5878214
Diliman,1,14.6411146,121.0469135
Saint Petersburg,1,59.9606739,30.1586551
Accra,1,5.5571096,-0.2012376
Tacoma,1,47.2455013,-122.438329
Mukdahan,1,16.6972385,104.3470293
Batu Caves,1,3.237821,101.6811588
Lampung,1,-4.8555039,105.0272986
Taishan,1,22.0638475,112.7128587
George,1,30.857421,-88.6537118
Chiayi County,1,23.4591664,120.2930004
Poggio Imperiale,1,41.8233236,15.3654175
Marne-la-Vallée,1,48.8494036,2.6727019475243083
Denton,1,33.1838787,-97.1413417
Lak Hok,1,13.9626026,100.6027668
La Havana,1,23.135305,-82.3589631
Kusatsu,1,35.0131501,135.9598728
Antofagasta,1,-23.6463741,-70.3980033
Ulan Bator,1,47.9184676,106.9177016
Mwanza,1,-2.5196915,32.9014417
Shaqra,1,25.248333,45.252778
Sassari,1,40.7778499,8.9219725134863
Hohhot,1,40.8400679,111.742171
Ardabil,1,38.4583983,47.9313001
Chakwal,1,32.932827,72.8629763
Sesto Fiorentino,1,43.831721,11.1992239
Oakland County,1,42.6618842,-83.3804439
Laranjeiras Do Sul,1,-25.4073197,-52.4150132
Manggar,1,-1.2269306,116.9501958
Suthep,1,18.7924876,98.9526159
Taipa,1,22.1573804,113.5601035
Indralaya,1,-3.2428484500000003,104.69865265203333
Konesapuri,1,,
Gunma,1,36.52198,139.033483
Lopburi,1,15.026458,100.8089178
Nanoro,1,12.629854949999999,-2.1442904667435925
Phathum Thani,1,,
Japan,1,36.5748441,139.2394179
Savannakhet,1,16.500195849999997,105.71559464914924
Kaneohe,1,21.418555,-157.804184
Çankaya,1,39.8853321,32.8554966
Jeju-si,1,33.4998289,126.5313902
Koharah,1,,
Mangaluru,1,12.8698101,74.8430082
Kaunakakai,1,21.089891,-157.0111876271699
Champaign,1,40.1164841,-88.2430932
Batna,1,35.3384291,5.731545299000572
Saga,1,33.2185408,130.1296585
Suphan Buri,1,14.6777,100.0350785
Russellville,1,35.2784173,-93.1337856
Querétaro,1,20.8052225,-99.8837376
Iksan,1,35.9479291,126.9578025
Napo,1,-0.60819655,-77.95203412449297
Janakpur,1,26.7284541,85.9249005
Hoogland,1,52.1872469,5.3762224
Luxembourg,1,49.6112768,6.129799
Los Baños,1,14.1775648,121.2214303
Paraíba,1,-7.1219366,-36.7246845
Miyakojima-ku,1,34.712703,135.529697
Vijayawada,1,16.5115306,80.6160469
Pasig City,1,14.5605166,121.0764343
Mysuru,1,12.3051828,76.6553609
Townsville,1,-19.2569391,146.8239537
Kilifi,1,-3.15073925,39.67507159193717
Sitiawan,1,4.2162318,100.6951901
Guelph,1,43.5460516,-80.2493276
Foster City,1,37.5600336,-122.2688522
Brandon,1,46.35270835,4.577608667704116
Kyotanabe City,1,34.8137614,135.7683433
West Roxbury,1,42.278477699999996,-71.1633675365648
Srinagar,1,34.0747444,74.8204443
Tartus,1,34.8936225,35.885167
Sana'a,1,15.35,44.2
Kuching,1,1.5597561,110.345397
Misan,1,38.8811164,46.4419894
Beograd,1,44.8178131,20.4568974
Ciudad Bolivar,1,8.1028532,-63.5469562
Newcastle,1,54.9738474,-1.6131572
Ürümqi,1,43.8244074,87.6139038
Bucheon-si,1,37.5014422,126.7660139
Loudonville,1,40.6355985,-82.2334461
Giessen,1,50.5862066,8.6742306
Ras al Khaimah,1,25.7737705,55.938232
A Coruña,1,43.3709703,-8.3959425
Ho Chi Hinh City,1,10.78682835,106.7027137630788
Baguio,1,16.4119905,120.5933719
VIC,1,41.9302021,2.2545943
Köln,1,50.938361,6.959974
Bayreuth,1,49.9427202,11.5763079
Valdivia,1,-39.8141262,-73.2459859
Caseros,1,-34.607366,-58.5661311
St Paul,1,44.9497487,-93.0931028
Inner Mongolia,1,43.2443242,114.3251664
Panama City,1,30.1586518,-85.6602936
Klang,1,49.3198,6.3722
Perak,1,4.812181,100.9797908
Yangoon,1,19.84711435,96.0197532
Co. Westmeath,1,53.5577902,-7.3478558260097575
Bangkok City,1,25.7325381,-80.314315
Toyko,1,-26.35211315,28.3929378
San Pedro Montes de Oca,1,9.931519,-84.0503028
Suweon,1,,
Bremerhaven,1,53.5505392,8.5851945
Blacksburg,1,37.2296566,-80.4136767
Phichit,1,16.4551073,100.1924695
Nangang,1,25.0545779,121.6065999
Jerash,1,32.278448,35.889680302011314
Kubang Kerian,1,6.0940366,102.2845137
Nagapattinam,1,10.60262025,79.7619347994777
Muscatine,1,41.4776121,-91.1210053
Saratoga Springs,1,43.0821793,-73.7853915
Leoben,1,47.3805128,15.0947756
Gudivada,1,16.4330413,80.9936856
Montevideo,1,-34.9058916,-56.1913095
Southend-on-Sea,1,51.5388241,0.7128137
Tajimi,1,35.3329961,137.1319459
Jefferson,1,29.834772,-94.1704496
South Tangerang,1,-6.3227016,106.7085737
Saskatoon,1,52.131802,-106.660767
Newburgh,1,41.5034271,-74.0104179
Afyonkarahisar,1,38.6852729,30.6427411
Oeiras,1,38.6925777,-9.3123076
Fort Myers,1,26.640628,-81.8723084
Venjarammoodu,1,,
Darling Heights,1,-27.5959638,151.9319469
Nakhon Ratchasrima,1,,
Zhuhai,1,22.273734,113.5721327
Phayathai,1,45.666034,-73.8675322
Zaventem,1,50.8806207,4.4730008
Galle,1,6.0328139,80.214955
Suratthani,1,9.4272962,99.9840826
Herston,1,-27.449662500000002,153.0237294176169
Pitsanulok,1,16.9779975,100.3848239
Visakhapatnam,1,17.6935526,83.2921297
Hengelo,1,52.2658726,6.7924049
Ingelheim,1,49.9752749,8.0547274
Rio De Janeiro,1,-22.9110137,-43.2093727
Fort Detrick,1,39.435785100000004,-77.45081630419585
Bangui,1,4.3635118,18.5835913
Riejka,1,,
Amiens,1,49.8941708,2.2956951
Rogaška Slatina,1,46.2329898,15.6384369
Jerez de la Frontera,1,36.6816936,-6.1377402
Nouakchott,1,18.0792379,-15.9780071
Ipoh,1,4.5986817,101.0900236
Hamamatsu,1,34.7109786,137.7259431
Fort Worth,1,32.753177,-97.3327459
Castanhal,1,-1.2927031,-47.9223903
Krung Thep Maha Nakhon,1,13.7524938,100.4935089
Oranjestad,1,12.5201024,-70.0371329
Bacolod City,1,10.67221445,122.94435942609356
Linkoping,1,58.4098135,15.6245252
Hod HaSharon,1,32.1561974,34.8930354
Shibin Al Kawm,1,30.5545106,31.0097923
Oradea,1,47.0549163,21.9285231
Wagga Wagga,1,-35.115,147.3677778
Thanh Hoa,1,19.8076814,105.7767437
Gdansk,1,54.3482907,18.6540233
Erzurum,1,39.90632,41.2727715
Ar-Rayyan,1,24.9304741,50.9776887766882
Nakhon Prathom,1,13.712962381955915,100.55276874419717
Jawa Tengah,1,-7.3032412,110.0044145
East Falmouth,1,41.5784425,-70.5586401
Sioux Falls,1,43.5476008,-96.7293629
